billing_id,customer_id,billing_date,amount_usd
BL00001,CUST0003,2024-01-15,63.7
BL00002,CUST0003,2024-02-14,63.7
BL00003,CUST0003,2024-03-15,63.7
BL00004,CUST0003,2024-04-14,63.7
BL00005,CUST0003,2024-05-14,63.7
BL00006,CUST0003,2024-06-13,63.7
BL00007,CUST0005,2023-04-30,12.0
BL00008,CUST0005,2023-05-30,12.0
BL00009,CUST0005,2023-06-29,12.0
BL00010,CUST0005,2023-07-29,12.0
BL00011,CUST0005,2023-08-28,12.0
BL00012,CUST0005,2023-09-27,12.0
BL00013,CUST0006,2023-04-12,12.0
BL00014,CUST0006,2023-05-12,12.0
BL00015,CUST0006,2023-06-11,12.0
BL00016,CUST0006,2023-07-11,12.0
BL00017,CUST0006,2023-08-10,12.0
BL00018,CUST0007,2023-08-18,12.0
BL00019,CUST0007,2023-09-17,12.0
BL00020,CUST0007,2023-10-17,12.0
BL00021,CUST0007,2023-11-16,12.0
BL00022,CUST0007,2023-12-16,12.0
BL00023,CUST0007,2024-01-15,12.0
BL00024,CUST0007,2024-02-14,12.0
BL00025,CUST0007,2024-03-15,12.0
BL00026,CUST0007,2024-04-14,12.0
BL00027,CUST0007,2024-05-14,12.0
BL00028,CUST0007,2024-06-13,12.0
BL00029,CUST0008,2023-12-24,12.0
BL00030,CUST0008,2024-01-23,12.0
BL00031,CUST0008,2024-02-22,12.0
BL00032,CUST0008,2024-03-23,12.0
BL00033,CUST0008,2024-04-22,12.0
BL00034,CUST0008,2024-05-22,12.0
BL00035,CUST0008,2024-06-21,12.0
BL00036,CUST0009,2023-04-21,49.0
BL00037,CUST0009,2023-05-21,49.0
BL00038,CUST0009,2023-06-20,49.0
BL00039,CUST0009,2023-07-20,49.0
BL00040,CUST0009,2023-08-19,49.0
BL00041,CUST0009,2023-09-18,63.7
BL00042,CUST0009,2023-10-18,63.7
BL00043,CUST0009,2023-11-17,63.7
BL00044,CUST0010,2023-02-17,12.0
BL00045,CUST0010,2023-03-19,12.0
BL00046,CUST0010,2023-04-18,12.0
BL00047,CUST0010,2023-05-18,12.0
BL00048,CUST0010,2023-06-17,12.0
BL00049,CUST0010,2023-07-17,12.0
BL00050,CUST0010,2023-08-16,12.0
BL00051,CUST0010,2023-09-15,12.0
BL00052,CUST0010,2023-10-15,12.0
BL00053,CUST0010,2023-11-14,12.0
BL00054,CUST0010,2023-12-14,12.0
BL00055,CUST0010,2024-01-13,12.0
BL00056,CUST0010,2024-02-12,12.0
BL00057,CUST0010,2024-03-13,12.0
BL00058,CUST0010,2024-04-12,12.0
BL00059,CUST0010,2024-05-12,12.0
BL00060,CUST0010,2024-06-11,12.0
BL00061,CUST0012,2023-08-24,12.0
BL00062,CUST0012,2023-09-23,12.0
BL00063,CUST0012,2023-10-23,12.0
BL00064,CUST0012,2023-11-22,12.0
BL00065,CUST0012,2023-12-22,12.0
BL00066,CUST0012,2024-01-21,12.0
BL00067,CUST0012,2024-02-20,12.0
BL00068,CUST0012,2024-03-21,12.0
BL00069,CUST0014,2023-04-09,12.0
BL00070,CUST0014,2023-05-09,12.0
BL00071,CUST0014,2023-06-08,12.0
BL00072,CUST0014,2023-07-08,12.0
BL00073,CUST0014,2023-08-07,12.0
BL00074,CUST0014,2023-09-06,12.0
BL00075,CUST0014,2023-10-06,12.0
BL00076,CUST0014,2023-11-05,12.0
BL00077,CUST0014,2023-12-05,12.0
BL00078,CUST0014,2024-01-04,12.0
BL00079,CUST0014,2024-02-03,12.0
BL00080,CUST0014,2024-03-04,12.0
BL00081,CUST0014,2024-04-03,12.0
BL00082,CUST0014,2024-05-03,12.0
BL00083,CUST0014,2024-06-02,12.0
BL00084,CUST0015,2023-04-27,12.0
BL00085,CUST0015,2023-05-27,12.0
BL00086,CUST0017,2023-11-22,63.7
BL00087,CUST0017,2023-12-22,63.7
BL00088,CUST0017,2024-01-21,63.7
BL00089,CUST0017,2024-02-20,63.7
BL00090,CUST0017,2024-03-21,63.7
BL00091,CUST0017,2024-04-20,63.7
BL00092,CUST0017,2024-05-20,63.7
BL00093,CUST0017,2024-06-19,63.7
BL00094,CUST0019,2024-04-24,12.0
BL00095,CUST0019,2024-05-24,12.0
BL00096,CUST0019,2024-06-23,12.0
BL00097,CUST0021,2023-08-25,12.0
BL00098,CUST0021,2023-09-24,12.0
BL00099,CUST0021,2023-10-24,12.0
BL00100,CUST0021,2023-11-23,12.0
BL00101,CUST0021,2023-12-23,12.0
BL00102,CUST0021,2024-01-22,12.0
BL00103,CUST0021,2024-02-21,12.0
BL00104,CUST0021,2024-03-22,12.0
BL00105,CUST0021,2024-04-21,12.0
BL00106,CUST0021,2024-05-21,12.0
BL00107,CUST0021,2024-06-20,12.0
BL00108,CUST0022,2023-06-16,49.0
BL00109,CUST0022,2023-07-16,49.0
BL00110,CUST0025,2023-12-02,12.0
BL00111,CUST0025,2024-01-01,12.0
BL00112,CUST0025,2024-01-31,12.0
BL00113,CUST0025,2024-03-01,12.0
BL00114,CUST0025,2024-03-31,12.0
BL00115,CUST0025,2024-04-30,12.0
BL00116,CUST0025,2024-05-30,12.0
BL00117,CUST0025,2024-06-29,12.0
BL00118,CUST0027,2023-10-27,12.0
BL00119,CUST0027,2023-11-26,12.0
BL00120,CUST0027,2023-12-26,12.0
BL00121,CUST0027,2024-01-25,12.0
BL00122,CUST0027,2024-02-24,12.0
BL00123,CUST0027,2024-03-25,12.0
BL00124,CUST0027,2024-04-24,12.0
BL00125,CUST0027,2024-05-24,12.0
BL00126,CUST0027,2024-06-23,12.0
BL00127,CUST0028,2023-04-23,49.0
BL00128,CUST0028,2023-05-23,49.0
BL00129,CUST0028,2023-06-22,49.0
BL00130,CUST0028,2023-07-22,49.0
BL00131,CUST0028,2023-08-21,49.0
BL00132,CUST0028,2023-09-20,63.7
BL00133,CUST0028,2023-10-20,63.7
BL00134,CUST0028,2023-11-19,63.7
BL00135,CUST0028,2023-12-19,63.7
BL00136,CUST0028,2024-01-18,63.7
BL00137,CUST0028,2024-02-17,63.7
BL00138,CUST0028,2024-03-18,63.7
BL00139,CUST0028,2024-04-17,63.7
BL00140,CUST0028,2024-05-17,63.7
BL00141,CUST0028,2024-06-16,63.7
BL00142,CUST0030,2023-03-20,12.0
BL00143,CUST0031,2023-02-02,12.0
BL00144,CUST0031,2023-03-04,12.0
BL00145,CUST0031,2023-04-03,12.0
BL00146,CUST0032,2023-05-09,49.0
BL00147,CUST0032,2023-06-08,49.0
BL00148,CUST0032,2023-07-08,49.0
BL00149,CUST0032,2023-08-07,49.0
BL00150,CUST0032,2023-09-06,63.7
BL00151,CUST0037,2023-06-02,49.0
BL00152,CUST0037,2023-07-02,49.0
BL00153,CUST0037,2023-08-01,49.0
BL00154,CUST0037,2023-08-31,49.0
BL00155,CUST0037,2023-09-30,63.7
BL00156,CUST0037,2023-10-30,63.7
BL00157,CUST0037,2023-11-29,63.7
BL00158,CUST0037,2023-12-29,63.7
BL00159,CUST0037,2024-01-28,63.7
BL00160,CUST0037,2024-02-27,63.7
BL00161,CUST0037,2024-03-28,63.7
BL00162,CUST0037,2024-04-27,63.7
BL00163,CUST0037,2024-05-27,63.7
BL00164,CUST0037,2024-06-26,63.7
BL00165,CUST0038,2023-07-11,12.0
BL00166,CUST0038,2023-08-10,12.0
BL00167,CUST0038,2023-09-09,12.0
BL00168,CUST0038,2023-10-09,12.0
BL00169,CUST0038,2023-11-08,12.0
BL00170,CUST0038,2023-12-08,12.0
BL00171,CUST0038,2024-01-07,12.0
BL00172,CUST0038,2024-02-06,12.0
BL00173,CUST0038,2024-03-07,12.0
BL00174,CUST0038,2024-04-06,12.0
BL00175,CUST0038,2024-05-06,12.0
BL00176,CUST0038,2024-06-05,12.0
BL00177,CUST0039,2023-06-15,12.0
BL00178,CUST0039,2023-07-15,12.0
BL00179,CUST0039,2023-08-14,12.0
BL00180,CUST0039,2023-09-13,12.0
BL00181,CUST0039,2023-10-13,12.0
BL00182,CUST0039,2023-11-12,12.0
BL00183,CUST0039,2023-12-12,12.0
BL00184,CUST0039,2024-01-11,12.0
BL00185,CUST0039,2024-02-10,12.0
BL00186,CUST0039,2024-03-11,12.0
BL00187,CUST0039,2024-04-10,12.0
BL00188,CUST0039,2024-05-10,12.0
BL00189,CUST0039,2024-06-09,12.0
BL00190,CUST0040,2024-03-25,63.7
BL00191,CUST0040,2024-04-24,63.7
BL00192,CUST0040,2024-05-24,63.7
BL00193,CUST0040,2024-06-23,63.7
BL00194,CUST0042,2024-01-10,12.0
BL00195,CUST0042,2024-02-09,12.0
BL00196,CUST0042,2024-03-10,12.0
BL00197,CUST0042,2024-04-09,12.0
BL00198,CUST0042,2024-05-09,12.0
BL00199,CUST0045,2024-04-20,12.0
BL00200,CUST0045,2024-05-20,12.0
BL00201,CUST0045,2024-06-19,12.0
BL00202,CUST0046,2023-06-09,12.0
BL00203,CUST0047,2024-04-05,12.0
BL00204,CUST0047,2024-05-05,12.0
BL00205,CUST0047,2024-06-04,12.0
BL00206,CUST0050,2023-02-06,12.0
BL00207,CUST0050,2023-03-08,12.0
BL00208,CUST0050,2023-04-07,12.0
BL00209,CUST0050,2023-05-07,12.0
BL00210,CUST0051,2023-02-04,49.0
BL00211,CUST0051,2023-03-06,49.0
BL00212,CUST0051,2023-04-05,49.0
BL00213,CUST0051,2023-05-05,49.0
BL00214,CUST0051,2023-06-04,49.0
BL00215,CUST0051,2023-07-04,49.0
BL00216,CUST0051,2023-08-03,49.0
BL00217,CUST0051,2023-09-02,63.7
BL00218,CUST0051,2023-10-02,63.7
BL00219,CUST0051,2023-11-01,63.7
BL00220,CUST0051,2023-12-01,63.7
BL00221,CUST0051,2023-12-31,63.7
BL00222,CUST0051,2024-01-30,63.7
BL00223,CUST0051,2024-02-29,63.7
BL00224,CUST0051,2024-03-30,63.7
BL00225,CUST0051,2024-04-29,63.7
BL00226,CUST0051,2024-05-29,63.7
BL00227,CUST0051,2024-06-28,63.7
BL00228,CUST0054,2024-02-06,12.0
BL00229,CUST0054,2024-03-07,12.0
BL00230,CUST0054,2024-04-06,12.0
BL00231,CUST0054,2024-05-06,12.0
BL00232,CUST0054,2024-06-05,12.0
BL00233,CUST0056,2023-08-05,12.0
BL00234,CUST0056,2023-09-04,12.0
BL00235,CUST0056,2023-10-04,12.0
BL00236,CUST0056,2023-11-03,12.0
BL00237,CUST0056,2023-12-03,12.0
BL00238,CUST0056,2024-01-02,12.0
BL00239,CUST0056,2024-02-01,12.0
BL00240,CUST0057,2023-12-01,63.7
BL00241,CUST0057,2023-12-31,63.7
BL00242,CUST0057,2024-01-30,63.7
BL00243,CUST0057,2024-02-29,63.7
BL00244,CUST0057,2024-03-30,63.7
BL00245,CUST0057,2024-04-29,63.7
BL00246,CUST0057,2024-05-29,63.7
BL00247,CUST0057,2024-06-28,63.7
BL00248,CUST0058,2023-07-26,12.0
BL00249,CUST0058,2023-08-25,12.0
BL00250,CUST0058,2023-09-24,12.0
BL00251,CUST0058,2023-10-24,12.0
BL00252,CUST0058,2023-11-23,12.0
BL00253,CUST0058,2023-12-23,12.0
BL00254,CUST0058,2024-01-22,12.0
BL00255,CUST0058,2024-02-21,12.0
BL00256,CUST0058,2024-03-22,12.0
BL00257,CUST0058,2024-04-21,12.0
BL00258,CUST0058,2024-05-21,12.0
BL00259,CUST0058,2024-06-20,12.0
BL00260,CUST0061,2024-03-23,63.7
BL00261,CUST0061,2024-04-22,63.7
BL00262,CUST0061,2024-05-22,63.7
BL00263,CUST0061,2024-06-21,63.7
BL00264,CUST0063,2024-04-19,12.0
BL00265,CUST0063,2024-05-19,12.0
BL00266,CUST0063,2024-06-18,12.0
BL00267,CUST0064,2023-07-28,12.0
BL00268,CUST0064,2023-08-27,12.0
BL00269,CUST0064,2023-09-26,12.0
BL00270,CUST0064,2023-10-26,12.0
BL00271,CUST0064,2023-11-25,12.0
BL00272,CUST0064,2023-12-25,12.0
BL00273,CUST0064,2024-01-24,12.0
BL00274,CUST0064,2024-02-23,12.0
BL00275,CUST0064,2024-03-24,12.0
BL00276,CUST0064,2024-04-23,12.0
BL00277,CUST0064,2024-05-23,12.0
BL00278,CUST0064,2024-06-22,12.0
BL00279,CUST0067,2023-08-05,12.0
BL00280,CUST0067,2023-09-04,12.0
BL00281,CUST0067,2023-10-04,12.0
BL00282,CUST0067,2023-11-03,12.0
BL00283,CUST0067,2023-12-03,12.0
BL00284,CUST0067,2024-01-02,12.0
BL00285,CUST0067,2024-02-01,12.0
BL00286,CUST0067,2024-03-02,12.0
BL00287,CUST0067,2024-04-01,12.0
BL00288,CUST0067,2024-05-01,12.0
BL00289,CUST0067,2024-05-31,12.0
BL00290,CUST0067,2024-06-30,12.0
BL00291,CUST0069,2024-01-12,12.0
BL00292,CUST0069,2024-02-11,12.0
BL00293,CUST0069,2024-03-12,12.0
BL00294,CUST0069,2024-04-11,12.0
BL00295,CUST0069,2024-05-11,12.0
BL00296,CUST0069,2024-06-10,12.0
BL00297,CUST0070,2023-01-26,12.0
BL00298,CUST0070,2023-02-25,12.0
BL00299,CUST0070,2023-03-27,12.0
BL00300,CUST0070,2023-04-26,12.0
BL00301,CUST0070,2023-05-26,12.0
BL00302,CUST0070,2023-06-25,12.0
BL00303,CUST0070,2023-07-25,12.0
BL00304,CUST0070,2023-08-24,12.0
BL00305,CUST0070,2023-09-23,12.0
BL00306,CUST0070,2023-10-23,12.0
BL00307,CUST0070,2023-11-22,12.0
BL00308,CUST0070,2023-12-22,12.0
BL00309,CUST0070,2024-01-21,12.0
BL00310,CUST0070,2024-02-20,12.0
BL00311,CUST0070,2024-03-21,12.0
BL00312,CUST0070,2024-04-20,12.0
BL00313,CUST0070,2024-05-20,12.0
BL00314,CUST0070,2024-06-19,12.0
BL00315,CUST0073,2023-03-03,49.0
BL00316,CUST0073,2023-04-02,49.0
BL00317,CUST0073,2023-05-02,49.0
BL00318,CUST0073,2023-06-01,49.0
BL00319,CUST0073,2023-07-01,49.0
BL00320,CUST0073,2023-07-31,49.0
BL00321,CUST0073,2023-08-30,49.0
BL00322,CUST0075,2023-12-03,12.0
BL00323,CUST0075,2024-01-02,12.0
BL00324,CUST0075,2024-02-01,12.0
BL00325,CUST0075,2024-03-02,12.0
BL00326,CUST0075,2024-04-01,12.0
BL00327,CUST0075,2024-05-01,12.0
BL00328,CUST0075,2024-05-31,12.0
BL00329,CUST0075,2024-06-30,12.0
BL00330,CUST0076,2023-04-15,12.0
BL00331,CUST0076,2023-05-15,12.0
BL00332,CUST0076,2023-06-14,12.0
BL00333,CUST0076,2023-07-14,12.0
BL00334,CUST0076,2023-08-13,12.0
BL00335,CUST0076,2023-09-12,12.0
BL00336,CUST0076,2023-10-12,12.0
BL00337,CUST0076,2023-11-11,12.0
BL00338,CUST0076,2023-12-11,12.0
BL00339,CUST0076,2024-01-10,12.0
BL00340,CUST0076,2024-02-09,12.0
BL00341,CUST0076,2024-03-10,12.0
BL00342,CUST0076,2024-04-09,12.0
BL00343,CUST0077,2023-05-16,12.0
BL00344,CUST0077,2023-06-15,12.0
BL00345,CUST0077,2023-07-15,12.0
BL00346,CUST0077,2023-08-14,12.0
BL00347,CUST0077,2023-09-13,12.0
BL00348,CUST0077,2023-10-13,12.0
BL00349,CUST0077,2023-11-12,12.0
BL00350,CUST0077,2023-12-12,12.0
BL00351,CUST0077,2024-01-11,12.0
BL00352,CUST0077,2024-02-10,12.0
BL00353,CUST0077,2024-03-11,12.0
BL00354,CUST0077,2024-04-10,12.0
BL00355,CUST0077,2024-05-10,12.0
BL00356,CUST0077,2024-06-09,12.0
BL00357,CUST0078,2023-06-11,49.0
BL00358,CUST0078,2023-07-11,49.0
BL00359,CUST0078,2023-08-10,49.0
BL00360,CUST0078,2023-09-09,63.7
BL00361,CUST0079,2023-08-23,12.0
BL00362,CUST0079,2023-09-22,12.0
BL00363,CUST0079,2023-10-22,12.0
BL00364,CUST0079,2023-11-21,12.0
BL00365,CUST0079,2023-12-21,12.0
BL00366,CUST0079,2024-01-20,12.0
BL00367,CUST0079,2024-02-19,12.0
BL00368,CUST0079,2024-03-20,12.0
BL00369,CUST0079,2024-04-19,12.0
BL00370,CUST0079,2024-05-19,12.0
BL00371,CUST0079,2024-06-18,12.0
BL00372,CUST0084,2024-02-23,12.0
BL00373,CUST0084,2024-03-24,12.0
BL00374,CUST0084,2024-04-23,12.0
BL00375,CUST0084,2024-05-23,12.0
BL00376,CUST0084,2024-06-22,12.0
BL00377,CUST0087,2023-04-18,12.0
BL00378,CUST0087,2023-05-18,12.0
BL00379,CUST0087,2023-06-17,12.0
BL00380,CUST0087,2023-07-17,12.0
BL00381,CUST0087,2023-08-16,12.0
BL00382,CUST0087,2023-09-15,12.0
BL00383,CUST0087,2023-10-15,12.0
BL00384,CUST0087,2023-11-14,12.0
BL00385,CUST0087,2023-12-14,12.0
BL00386,CUST0087,2024-01-13,12.0
BL00387,CUST0087,2024-02-12,12.0
BL00388,CUST0087,2024-03-13,12.0
BL00389,CUST0087,2024-04-12,12.0
BL00390,CUST0087,2024-05-12,12.0
BL00391,CUST0087,2024-06-11,12.0
BL00392,CUST0088,2023-11-21,63.7
BL00393,CUST0088,2023-12-21,63.7
BL00394,CUST0088,2024-01-20,63.7
BL00395,CUST0088,2024-02-19,63.7
BL00396,CUST0088,2024-03-20,63.7
BL00397,CUST0088,2024-04-19,63.7
BL00398,CUST0088,2024-05-19,63.7
BL00399,CUST0088,2024-06-18,63.7
BL00400,CUST0089,2024-04-08,63.7
BL00401,CUST0089,2024-05-08,63.7
BL00402,CUST0089,2024-06-07,63.7
BL00403,CUST0090,2023-11-21,12.0
BL00404,CUST0090,2023-12-21,12.0
BL00405,CUST0090,2024-01-20,12.0
BL00406,CUST0090,2024-02-19,12.0
BL00407,CUST0090,2024-03-20,12.0
BL00408,CUST0090,2024-04-19,12.0
BL00409,CUST0090,2024-05-19,12.0
BL00410,CUST0090,2024-06-18,12.0
BL00411,CUST0093,2023-12-28,12.0
BL00412,CUST0093,2024-01-27,12.0
BL00413,CUST0094,2023-02-08,49.0
BL00414,CUST0094,2023-03-10,49.0
BL00415,CUST0094,2023-04-09,49.0
BL00416,CUST0094,2023-05-09,49.0
BL00417,CUST0094,2023-06-08,49.0
BL00418,CUST0094,2023-07-08,49.0
BL00419,CUST0094,2023-08-07,49.0
BL00420,CUST0094,2023-09-06,63.7
BL00421,CUST0094,2023-10-06,63.7
BL00422,CUST0094,2023-11-05,63.7
BL00423,CUST0094,2023-12-05,63.7
BL00424,CUST0094,2024-01-04,63.7
BL00425,CUST0094,2024-02-03,63.7
BL00426,CUST0094,2024-03-04,63.7
BL00427,CUST0094,2024-04-03,63.7
BL00428,CUST0094,2024-05-03,63.7
BL00429,CUST0094,2024-06-02,63.7
BL00430,CUST0095,2023-01-19,49.0
BL00431,CUST0095,2023-02-18,49.0
BL00432,CUST0095,2023-03-20,49.0
BL00433,CUST0095,2023-04-19,49.0
BL00434,CUST0097,2024-04-05,12.0
BL00435,CUST0097,2024-05-05,12.0
BL00436,CUST0097,2024-06-04,12.0
BL00437,CUST0098,2023-02-22,12.0
BL00438,CUST0098,2023-03-24,12.0
BL00439,CUST0098,2023-04-23,12.0
BL00440,CUST0098,2023-05-23,12.0
BL00441,CUST0098,2023-06-22,12.0
BL00442,CUST0098,2023-07-22,12.0
BL00443,CUST0098,2023-08-21,12.0
BL00444,CUST0098,2023-09-20,12.0
BL00445,CUST0098,2023-10-20,12.0
BL00446,CUST0098,2023-11-19,12.0
BL00447,CUST0098,2023-12-19,12.0
BL00448,CUST0098,2024-01-18,12.0
BL00449,CUST0098,2024-02-17,12.0
BL00450,CUST0098,2024-03-18,12.0
BL00451,CUST0098,2024-04-17,12.0
BL00452,CUST0098,2024-05-17,12.0
BL00453,CUST0098,2024-06-16,12.0
BL00454,CUST0100,2024-02-14,63.7
BL00455,CUST0100,2024-03-15,63.7
BL00456,CUST0100,2024-04-14,63.7
BL00457,CUST0100,2024-05-14,63.7
BL00458,CUST0100,2024-06-13,63.7
BL00459,CUST0101,2023-04-02,12.0
BL00460,CUST0101,2023-05-02,12.0
BL00461,CUST0101,2023-06-01,12.0
BL00462,CUST0101,2023-07-01,12.0
BL00463,CUST0101,2023-07-31,12.0
BL00464,CUST0101,2023-08-30,12.0
BL00465,CUST0101,2023-09-29,12.0
BL00466,CUST0101,2023-10-29,12.0
BL00467,CUST0101,2023-11-28,12.0
BL00468,CUST0101,2023-12-28,12.0
BL00469,CUST0101,2024-01-27,12.0
BL00470,CUST0101,2024-02-26,12.0
BL00471,CUST0101,2024-03-27,12.0
BL00472,CUST0101,2024-04-26,12.0
BL00473,CUST0101,2024-05-26,12.0
BL00474,CUST0101,2024-06-25,12.0
BL00475,CUST0102,2024-02-15,12.0
BL00476,CUST0102,2024-03-16,12.0
BL00477,CUST0102,2024-04-15,12.0
BL00478,CUST0102,2024-05-15,12.0
BL00479,CUST0102,2024-06-14,12.0
BL00480,CUST0103,2023-03-23,12.0
BL00481,CUST0103,2023-04-22,12.0
BL00482,CUST0103,2023-05-22,12.0
BL00483,CUST0103,2023-06-21,12.0
BL00484,CUST0103,2023-07-21,12.0
BL00485,CUST0103,2023-08-20,12.0
BL00486,CUST0103,2023-09-19,12.0
BL00487,CUST0103,2023-10-19,12.0
BL00488,CUST0103,2023-11-18,12.0
BL00489,CUST0103,2023-12-18,12.0
BL00490,CUST0103,2024-01-17,12.0
BL00491,CUST0103,2024-02-16,12.0
BL00492,CUST0103,2024-03-17,12.0
BL00493,CUST0103,2024-04-16,12.0
BL00494,CUST0103,2024-05-16,12.0
BL00495,CUST0103,2024-06-15,12.0
BL00496,CUST0105,2023-04-13,49.0
BL00497,CUST0105,2023-05-13,49.0
BL00498,CUST0105,2023-06-12,49.0
BL00499,CUST0105,2023-07-12,49.0
BL00500,CUST0105,2023-08-11,49.0
BL00501,CUST0105,2023-09-10,63.7
BL00502,CUST0105,2023-10-10,63.7
BL00503,CUST0105,2023-11-09,63.7
BL00504,CUST0105,2023-12-09,63.7
BL00505,CUST0105,2024-01-08,63.7
BL00506,CUST0105,2024-02-07,63.7
BL00507,CUST0106,2023-06-06,49.0
BL00508,CUST0106,2023-07-06,49.0
BL00509,CUST0107,2023-01-13,12.0
BL00510,CUST0107,2023-02-12,12.0
BL00511,CUST0107,2023-03-14,12.0
BL00512,CUST0107,2023-04-13,12.0
BL00513,CUST0107,2023-05-13,12.0
BL00514,CUST0107,2023-06-12,12.0
BL00515,CUST0107,2023-07-12,12.0
BL00516,CUST0107,2023-08-11,12.0
BL00517,CUST0107,2023-09-10,12.0
BL00518,CUST0107,2023-10-10,12.0
BL00519,CUST0107,2023-11-09,12.0
BL00520,CUST0107,2023-12-09,12.0
BL00521,CUST0107,2024-01-08,12.0
BL00522,CUST0107,2024-02-07,12.0
BL00523,CUST0107,2024-03-08,12.0
BL00524,CUST0107,2024-04-07,12.0
BL00525,CUST0107,2024-05-07,12.0
BL00526,CUST0107,2024-06-06,12.0
BL00527,CUST0108,2023-05-23,49.0
BL00528,CUST0108,2023-06-22,49.0
BL00529,CUST0108,2023-07-22,49.0
BL00530,CUST0108,2023-08-21,49.0
BL00531,CUST0108,2023-09-20,63.7
BL00532,CUST0108,2023-10-20,63.7
BL00533,CUST0108,2023-11-19,63.7
BL00534,CUST0108,2023-12-19,63.7
BL00535,CUST0108,2024-01-18,63.7
BL00536,CUST0108,2024-02-17,63.7
BL00537,CUST0108,2024-03-18,63.7
BL00538,CUST0108,2024-04-17,63.7
BL00539,CUST0108,2024-05-17,63.7
BL00540,CUST0109,2023-11-25,12.0
BL00541,CUST0109,2023-12-25,12.0
BL00542,CUST0109,2024-01-24,12.0
BL00543,CUST0109,2024-02-23,12.0
BL00544,CUST0109,2024-03-24,12.0
BL00545,CUST0109,2024-04-23,12.0
BL00546,CUST0109,2024-05-23,12.0
BL00547,CUST0109,2024-06-22,12.0
BL00548,CUST0110,2023-03-01,49.0
BL00549,CUST0110,2023-03-31,49.0
BL00550,CUST0110,2023-04-30,49.0
BL00551,CUST0110,2023-05-30,49.0
BL00552,CUST0110,2023-06-29,49.0
BL00553,CUST0110,2023-07-29,49.0
BL00554,CUST0110,2023-08-28,49.0
BL00555,CUST0110,2023-09-27,63.7
BL00556,CUST0111,2023-10-25,63.7
BL00557,CUST0111,2023-11-24,63.7
BL00558,CUST0111,2023-12-24,63.7
BL00559,CUST0111,2024-01-23,63.7
BL00560,CUST0111,2024-02-22,63.7
BL00561,CUST0111,2024-03-23,63.7
BL00562,CUST0111,2024-04-22,63.7
BL00563,CUST0111,2024-05-22,63.7
BL00564,CUST0111,2024-06-21,63.7
BL00565,CUST0112,2023-02-25,12.0
BL00566,CUST0112,2023-03-27,12.0
BL00567,CUST0112,2023-04-26,12.0
BL00568,CUST0112,2023-05-26,12.0
BL00569,CUST0112,2023-06-25,12.0
BL00570,CUST0112,2023-07-25,12.0
BL00571,CUST0112,2023-08-24,12.0
BL00572,CUST0112,2023-09-23,12.0
BL00573,CUST0112,2023-10-23,12.0
BL00574,CUST0112,2023-11-22,12.0
BL00575,CUST0112,2023-12-22,12.0
BL00576,CUST0112,2024-01-21,12.0
BL00577,CUST0112,2024-02-20,12.0
BL00578,CUST0112,2024-03-21,12.0
BL00579,CUST0112,2024-04-20,12.0
BL00580,CUST0112,2024-05-20,12.0
BL00581,CUST0112,2024-06-19,12.0
BL00582,CUST0114,2024-04-05,12.0
BL00583,CUST0114,2024-05-05,12.0
BL00584,CUST0114,2024-06-04,12.0
BL00585,CUST0115,2023-12-29,12.0
BL00586,CUST0115,2024-01-28,12.0
BL00587,CUST0115,2024-02-27,12.0
BL00588,CUST0115,2024-03-28,12.0
BL00589,CUST0115,2024-04-27,12.0
BL00590,CUST0115,2024-05-27,12.0
BL00591,CUST0115,2024-06-26,12.0
BL00592,CUST0117,2023-06-10,12.0
BL00593,CUST0117,2023-07-10,12.0
BL00594,CUST0117,2023-08-09,12.0
BL00595,CUST0117,2023-09-08,12.0
BL00596,CUST0117,2023-10-08,12.0
BL00597,CUST0117,2023-11-07,12.0
BL00598,CUST0117,2023-12-07,12.0
BL00599,CUST0117,2024-01-06,12.0
BL00600,CUST0117,2024-02-05,12.0
BL00601,CUST0117,2024-03-06,12.0
BL00602,CUST0117,2024-04-05,12.0
BL00603,CUST0117,2024-05-05,12.0
BL00604,CUST0117,2024-06-04,12.0
BL00605,CUST0121,2024-01-19,63.7
BL00606,CUST0121,2024-02-18,63.7
BL00607,CUST0121,2024-03-19,63.7
BL00608,CUST0121,2024-04-18,63.7
BL00609,CUST0121,2024-05-18,63.7
BL00610,CUST0121,2024-06-17,63.7
BL00611,CUST0122,2023-10-08,63.7
BL00612,CUST0122,2023-11-07,63.7
BL00613,CUST0122,2023-12-07,63.7
BL00614,CUST0122,2024-01-06,63.7
BL00615,CUST0122,2024-02-05,63.7
BL00616,CUST0122,2024-03-06,63.7
BL00617,CUST0123,2023-04-18,12.0
BL00618,CUST0123,2023-05-18,12.0
BL00619,CUST0123,2023-06-17,12.0
BL00620,CUST0123,2023-07-17,12.0
BL00621,CUST0123,2023-08-16,12.0
BL00622,CUST0123,2023-09-15,12.0
BL00623,CUST0123,2023-10-15,12.0
BL00624,CUST0123,2023-11-14,12.0
BL00625,CUST0123,2023-12-14,12.0
BL00626,CUST0123,2024-01-13,12.0
BL00627,CUST0123,2024-02-12,12.0
BL00628,CUST0123,2024-03-13,12.0
BL00629,CUST0123,2024-04-12,12.0
BL00630,CUST0123,2024-05-12,12.0
BL00631,CUST0123,2024-06-11,12.0
BL00632,CUST0124,2023-08-15,12.0
BL00633,CUST0124,2023-09-14,12.0
BL00634,CUST0124,2023-10-14,12.0
BL00635,CUST0124,2023-11-13,12.0
BL00636,CUST0124,2023-12-13,12.0
BL00637,CUST0124,2024-01-12,12.0
BL00638,CUST0124,2024-02-11,12.0
BL00639,CUST0124,2024-03-12,12.0
BL00640,CUST0124,2024-04-11,12.0
BL00641,CUST0124,2024-05-11,12.0
BL00642,CUST0124,2024-06-10,12.0
BL00643,CUST0125,2023-08-31,12.0
BL00644,CUST0125,2023-09-30,12.0
BL00645,CUST0127,2024-02-24,63.7
BL00646,CUST0127,2024-03-25,63.7
BL00647,CUST0130,2024-03-11,12.0
BL00648,CUST0130,2024-04-10,12.0
BL00649,CUST0130,2024-05-10,12.0
BL00650,CUST0130,2024-06-09,12.0
BL00651,CUST0131,2024-03-29,12.0
BL00652,CUST0131,2024-04-28,12.0
BL00653,CUST0131,2024-05-28,12.0
BL00654,CUST0131,2024-06-27,12.0
BL00655,CUST0132,2023-12-23,12.0
BL00656,CUST0132,2024-01-22,12.0
BL00657,CUST0132,2024-02-21,12.0
BL00658,CUST0132,2024-03-22,12.0
BL00659,CUST0132,2024-04-21,12.0
BL00660,CUST0132,2024-05-21,12.0
BL00661,CUST0132,2024-06-20,12.0
BL00662,CUST0133,2023-03-17,12.0
BL00663,CUST0133,2023-04-16,12.0
BL00664,CUST0134,2024-02-03,12.0
BL00665,CUST0134,2024-03-04,12.0
BL00666,CUST0134,2024-04-03,12.0
BL00667,CUST0134,2024-05-03,12.0
BL00668,CUST0134,2024-06-02,12.0
BL00669,CUST0135,2023-09-23,12.0
BL00670,CUST0135,2023-10-23,12.0
BL00671,CUST0135,2023-11-22,12.0
BL00672,CUST0135,2023-12-22,12.0
BL00673,CUST0135,2024-01-21,12.0
BL00674,CUST0135,2024-02-20,12.0
BL00675,CUST0135,2024-03-21,12.0
BL00676,CUST0135,2024-04-20,12.0
BL00677,CUST0135,2024-05-20,12.0
BL00678,CUST0135,2024-06-19,12.0
BL00679,CUST0137,2023-09-29,63.7
BL00680,CUST0137,2023-10-29,63.7
BL00681,CUST0137,2023-11-28,63.7
BL00682,CUST0137,2023-12-28,63.7
BL00683,CUST0137,2024-01-27,63.7
BL00684,CUST0137,2024-02-26,63.7
BL00685,CUST0137,2024-03-27,63.7
BL00686,CUST0137,2024-04-26,63.7
BL00687,CUST0137,2024-05-26,63.7
BL00688,CUST0137,2024-06-25,63.7
BL00689,CUST0138,2023-11-10,63.7
BL00690,CUST0138,2023-12-10,63.7
BL00691,CUST0138,2024-01-09,63.7
BL00692,CUST0138,2024-02-08,63.7
BL00693,CUST0138,2024-03-09,63.7
BL00694,CUST0138,2024-04-08,63.7
BL00695,CUST0138,2024-05-08,63.7
BL00696,CUST0138,2024-06-07,63.7
BL00697,CUST0139,2023-08-17,49.0
BL00698,CUST0139,2023-09-16,63.7
BL00699,CUST0139,2023-10-16,63.7
BL00700,CUST0139,2023-11-15,63.7
BL00701,CUST0139,2023-12-15,63.7
BL00702,CUST0139,2024-01-14,63.7
BL00703,CUST0139,2024-02-13,63.7
BL00704,CUST0139,2024-03-14,63.7
BL00705,CUST0139,2024-04-13,63.7
BL00706,CUST0139,2024-05-13,63.7
BL00707,CUST0139,2024-06-12,63.7
BL00708,CUST0140,2023-05-13,12.0
BL00709,CUST0140,2023-06-12,12.0
BL00710,CUST0140,2023-07-12,12.0
BL00711,CUST0140,2023-08-11,12.0
BL00712,CUST0140,2023-09-10,12.0
BL00713,CUST0140,2023-10-10,12.0
BL00714,CUST0140,2023-11-09,12.0
BL00715,CUST0140,2023-12-09,12.0
BL00716,CUST0140,2024-01-08,12.0
BL00717,CUST0140,2024-02-07,12.0
BL00718,CUST0140,2024-03-08,12.0
BL00719,CUST0140,2024-04-07,12.0
BL00720,CUST0140,2024-05-07,12.0
BL00721,CUST0140,2024-06-06,12.0
BL00722,CUST0141,2023-09-06,12.0
BL00723,CUST0141,2023-10-06,12.0
BL00724,CUST0141,2023-11-05,12.0
BL00725,CUST0141,2023-12-05,12.0
BL00726,CUST0141,2024-01-04,12.0
BL00727,CUST0141,2024-02-03,12.0
BL00728,CUST0141,2024-03-04,12.0
BL00729,CUST0141,2024-04-03,12.0
BL00730,CUST0141,2024-05-03,12.0
BL00731,CUST0141,2024-06-02,12.0
BL00732,CUST0142,2023-02-09,12.0
BL00733,CUST0142,2023-03-11,12.0
BL00734,CUST0142,2023-04-10,12.0
BL00735,CUST0142,2023-05-10,12.0
BL00736,CUST0142,2023-06-09,12.0
BL00737,CUST0142,2023-07-09,12.0
BL00738,CUST0142,2023-08-08,12.0
BL00739,CUST0142,2023-09-07,12.0
BL00740,CUST0142,2023-10-07,12.0
BL00741,CUST0142,2023-11-06,12.0
BL00742,CUST0142,2023-12-06,12.0
BL00743,CUST0142,2024-01-05,12.0
BL00744,CUST0142,2024-02-04,12.0
BL00745,CUST0142,2024-03-05,12.0
BL00746,CUST0142,2024-04-04,12.0
BL00747,CUST0142,2024-05-04,12.0
BL00748,CUST0142,2024-06-03,12.0
BL00749,CUST0146,2023-10-05,12.0
BL00750,CUST0146,2023-11-04,12.0
BL00751,CUST0146,2023-12-04,12.0
BL00752,CUST0146,2024-01-03,12.0
BL00753,CUST0146,2024-02-02,12.0
BL00754,CUST0146,2024-03-03,12.0
BL00755,CUST0146,2024-04-02,12.0
BL00756,CUST0146,2024-05-02,12.0
BL00757,CUST0146,2024-06-01,12.0
BL00758,CUST0147,2024-03-02,12.0
BL00759,CUST0147,2024-04-01,12.0
BL00760,CUST0147,2024-05-01,12.0
BL00761,CUST0147,2024-05-31,12.0
BL00762,CUST0147,2024-06-30,12.0
BL00763,CUST0148,2023-07-14,12.0
BL00764,CUST0148,2023-08-13,12.0
BL00765,CUST0148,2023-09-12,12.0
BL00766,CUST0148,2023-10-12,12.0
BL00767,CUST0148,2023-11-11,12.0
BL00768,CUST0148,2023-12-11,12.0
BL00769,CUST0149,2024-01-21,12.0
BL00770,CUST0149,2024-02-20,12.0
BL00771,CUST0149,2024-03-21,12.0
BL00772,CUST0149,2024-04-20,12.0
BL00773,CUST0149,2024-05-20,12.0
BL00774,CUST0149,2024-06-19,12.0
BL00775,CUST0150,2024-01-18,12.0
BL00776,CUST0150,2024-02-17,12.0
BL00777,CUST0150,2024-03-18,12.0
BL00778,CUST0150,2024-04-17,12.0
BL00779,CUST0150,2024-05-17,12.0
BL00780,CUST0150,2024-06-16,12.0
BL00781,CUST0153,2023-03-26,49.0
BL00782,CUST0153,2023-04-25,49.0
BL00783,CUST0153,2023-05-25,49.0
BL00784,CUST0153,2023-06-24,49.0
BL00785,CUST0153,2023-07-24,49.0
BL00786,CUST0153,2023-08-23,49.0
BL00787,CUST0153,2023-09-22,63.7
BL00788,CUST0153,2023-10-22,63.7
BL00789,CUST0153,2023-11-21,63.7
BL00790,CUST0153,2023-12-21,63.7
BL00791,CUST0153,2024-01-20,63.7
BL00792,CUST0153,2024-02-19,63.7
BL00793,CUST0155,2023-10-16,12.0
BL00794,CUST0155,2023-11-15,12.0
BL00795,CUST0155,2023-12-15,12.0
BL00796,CUST0155,2024-01-14,12.0
BL00797,CUST0155,2024-02-13,12.0
BL00798,CUST0155,2024-03-14,12.0
BL00799,CUST0155,2024-04-13,12.0
BL00800,CUST0155,2024-05-13,12.0
BL00801,CUST0155,2024-06-12,12.0
BL00802,CUST0159,2024-01-21,63.7
BL00803,CUST0159,2024-02-20,63.7
BL00804,CUST0159,2024-03-21,63.7
BL00805,CUST0159,2024-04-20,63.7
BL00806,CUST0159,2024-05-20,63.7
BL00807,CUST0159,2024-06-19,63.7
BL00808,CUST0165,2023-02-28,12.0
BL00809,CUST0165,2023-03-30,12.0
BL00810,CUST0165,2023-04-29,12.0
BL00811,CUST0165,2023-05-29,12.0
BL00812,CUST0167,2023-11-07,12.0
BL00813,CUST0167,2023-12-07,12.0
BL00814,CUST0167,2024-01-06,12.0
BL00815,CUST0167,2024-02-05,12.0
BL00816,CUST0167,2024-03-06,12.0
BL00817,CUST0167,2024-04-05,12.0
BL00818,CUST0167,2024-05-05,12.0
BL00819,CUST0167,2024-06-04,12.0
BL00820,CUST0169,2023-10-22,12.0
BL00821,CUST0169,2023-11-21,12.0
BL00822,CUST0169,2023-12-21,12.0
BL00823,CUST0169,2024-01-20,12.0
BL00824,CUST0169,2024-02-19,12.0
BL00825,CUST0169,2024-03-20,12.0
BL00826,CUST0169,2024-04-19,12.0
BL00827,CUST0169,2024-05-19,12.0
BL00828,CUST0169,2024-06-18,12.0
BL00829,CUST0170,2024-04-27,12.0
BL00830,CUST0170,2024-05-27,12.0
BL00831,CUST0170,2024-06-26,12.0
BL00832,CUST0171,2023-12-20,63.7
BL00833,CUST0171,2024-01-19,63.7
BL00834,CUST0171,2024-02-18,63.7
BL00835,CUST0171,2024-03-19,63.7
BL00836,CUST0171,2024-04-18,63.7
BL00837,CUST0171,2024-05-18,63.7
BL00838,CUST0171,2024-06-17,63.7
BL00839,CUST0172,2023-12-23,12.0
BL00840,CUST0172,2024-01-22,12.0
BL00841,CUST0172,2024-02-21,12.0
BL00842,CUST0172,2024-03-22,12.0
BL00843,CUST0172,2024-04-21,12.0
BL00844,CUST0172,2024-05-21,12.0
BL00845,CUST0172,2024-06-20,12.0
BL00846,CUST0175,2024-03-10,12.0
BL00847,CUST0175,2024-04-09,12.0
BL00848,CUST0175,2024-05-09,12.0
BL00849,CUST0175,2024-06-08,12.0
BL00850,CUST0176,2023-08-10,49.0
BL00851,CUST0176,2023-09-09,63.7
BL00852,CUST0176,2023-10-09,63.7
BL00853,CUST0176,2023-11-08,63.7
BL00854,CUST0176,2023-12-08,63.7
BL00855,CUST0176,2024-01-07,63.7
BL00856,CUST0176,2024-02-06,63.7
BL00857,CUST0176,2024-03-07,63.7
BL00858,CUST0176,2024-04-06,63.7
BL00859,CUST0176,2024-05-06,63.7
BL00860,CUST0176,2024-06-05,63.7
BL00861,CUST0177,2023-03-20,12.0
BL00862,CUST0177,2023-04-19,12.0
BL00863,CUST0177,2023-05-19,12.0
BL00864,CUST0177,2023-06-18,12.0
BL00865,CUST0177,2023-07-18,12.0
BL00866,CUST0177,2023-08-17,12.0
BL00867,CUST0177,2023-09-16,12.0
BL00868,CUST0177,2023-10-16,12.0
BL00869,CUST0178,2024-02-18,63.7
BL00870,CUST0178,2024-03-19,63.7
BL00871,CUST0178,2024-04-18,63.7
BL00872,CUST0178,2024-05-18,63.7
BL00873,CUST0178,2024-06-17,63.7
BL00874,CUST0179,2023-08-12,49.0
BL00875,CUST0179,2023-09-11,63.7
BL00876,CUST0179,2023-10-11,63.7
BL00877,CUST0179,2023-11-10,63.7
BL00878,CUST0179,2023-12-10,63.7
BL00879,CUST0179,2024-01-09,63.7
BL00880,CUST0179,2024-02-08,63.7
BL00881,CUST0179,2024-03-09,63.7
BL00882,CUST0179,2024-04-08,63.7
BL00883,CUST0179,2024-05-08,63.7
BL00884,CUST0179,2024-06-07,63.7
BL00885,CUST0181,2024-03-27,12.0
BL00886,CUST0181,2024-04-26,12.0
BL00887,CUST0181,2024-05-26,12.0
BL00888,CUST0182,2023-11-09,12.0
BL00889,CUST0182,2023-12-09,12.0
BL00890,CUST0182,2024-01-08,12.0
BL00891,CUST0182,2024-02-07,12.0
BL00892,CUST0182,2024-03-08,12.0
BL00893,CUST0182,2024-04-07,12.0
BL00894,CUST0182,2024-05-07,12.0
BL00895,CUST0182,2024-06-06,12.0
BL00896,CUST0183,2023-09-11,63.7
BL00897,CUST0183,2023-10-11,63.7
BL00898,CUST0183,2023-11-10,63.7
BL00899,CUST0183,2023-12-10,63.7
BL00900,CUST0183,2024-01-09,63.7
BL00901,CUST0183,2024-02-08,63.7
BL00902,CUST0183,2024-03-09,63.7
BL00903,CUST0183,2024-04-08,63.7
BL00904,CUST0183,2024-05-08,63.7
BL00905,CUST0183,2024-06-07,63.7
BL00906,CUST0184,2023-04-19,12.0
BL00907,CUST0184,2023-05-19,12.0
BL00908,CUST0184,2023-06-18,12.0
BL00909,CUST0184,2023-07-18,12.0
BL00910,CUST0184,2023-08-17,12.0
BL00911,CUST0184,2023-09-16,12.0
BL00912,CUST0184,2023-10-16,12.0
BL00913,CUST0184,2023-11-15,12.0
BL00914,CUST0184,2023-12-15,12.0
BL00915,CUST0184,2024-01-14,12.0
BL00916,CUST0184,2024-02-13,12.0
BL00917,CUST0184,2024-03-14,12.0
BL00918,CUST0184,2024-04-13,12.0
BL00919,CUST0184,2024-05-13,12.0
BL00920,CUST0184,2024-06-12,12.0
BL00921,CUST0185,2023-05-24,49.0
BL00922,CUST0185,2023-06-23,49.0
BL00923,CUST0185,2023-07-23,49.0
BL00924,CUST0185,2023-08-22,49.0
BL00925,CUST0185,2023-09-21,63.7
BL00926,CUST0185,2023-10-21,63.7
BL00927,CUST0185,2023-11-20,63.7
BL00928,CUST0185,2023-12-20,63.7
BL00929,CUST0185,2024-01-19,63.7
BL00930,CUST0185,2024-02-18,63.7
BL00931,CUST0185,2024-03-19,63.7
BL00932,CUST0185,2024-04-18,63.7
BL00933,CUST0185,2024-05-18,63.7
BL00934,CUST0185,2024-06-17,63.7
BL00935,CUST0186,2023-01-06,12.0
BL00936,CUST0186,2023-02-05,12.0
BL00937,CUST0186,2023-03-07,12.0
BL00938,CUST0186,2023-04-06,12.0
BL00939,CUST0186,2023-05-06,12.0
BL00940,CUST0186,2023-06-05,12.0
BL00941,CUST0186,2023-07-05,12.0
BL00942,CUST0186,2023-08-04,12.0
BL00943,CUST0186,2023-09-03,12.0
BL00944,CUST0186,2023-10-03,12.0
BL00945,CUST0187,2023-05-04,12.0
BL00946,CUST0187,2023-06-03,12.0
BL00947,CUST0187,2023-07-03,12.0
BL00948,CUST0187,2023-08-02,12.0
BL00949,CUST0187,2023-09-01,12.0
BL00950,CUST0187,2023-10-01,12.0
BL00951,CUST0187,2023-10-31,12.0
BL00952,CUST0187,2023-11-30,12.0
BL00953,CUST0187,2023-12-30,12.0
BL00954,CUST0187,2024-01-29,12.0
BL00955,CUST0187,2024-02-28,12.0
BL00956,CUST0187,2024-03-29,12.0
BL00957,CUST0187,2024-04-28,12.0
BL00958,CUST0187,2024-05-28,12.0
BL00959,CUST0187,2024-06-27,12.0
BL00960,CUST0189,2023-12-31,12.0
BL00961,CUST0189,2024-01-30,12.0
BL00962,CUST0189,2024-02-29,12.0
BL00963,CUST0189,2024-03-30,12.0
BL00964,CUST0189,2024-04-29,12.0
BL00965,CUST0189,2024-05-29,12.0
BL00966,CUST0189,2024-06-28,12.0
BL00967,CUST0191,2023-12-06,12.0
BL00968,CUST0191,2024-01-05,12.0
BL00969,CUST0191,2024-02-04,12.0
BL00970,CUST0191,2024-03-05,12.0
BL00971,CUST0191,2024-04-04,12.0
BL00972,CUST0191,2024-05-04,12.0
BL00973,CUST0191,2024-06-03,12.0
BL00974,CUST0193,2023-12-26,12.0
BL00975,CUST0193,2024-01-25,12.0
BL00976,CUST0195,2023-03-03,12.0
BL00977,CUST0195,2023-04-02,12.0
BL00978,CUST0196,2023-04-21,12.0
BL00979,CUST0196,2023-05-21,12.0
BL00980,CUST0196,2023-06-20,12.0
BL00981,CUST0196,2023-07-20,12.0
BL00982,CUST0196,2023-08-19,12.0
BL00983,CUST0196,2023-09-18,12.0
BL00984,CUST0196,2023-10-18,12.0
BL00985,CUST0196,2023-11-17,12.0
BL00986,CUST0196,2023-12-17,12.0
BL00987,CUST0196,2024-01-16,12.0
BL00988,CUST0196,2024-02-15,12.0
BL00989,CUST0196,2024-03-16,12.0
BL00990,CUST0196,2024-04-15,12.0
BL00991,CUST0196,2024-05-15,12.0
BL00992,CUST0196,2024-06-14,12.0
BL00993,CUST0197,2023-10-29,63.7
BL00994,CUST0197,2023-11-28,63.7
BL00995,CUST0197,2023-12-28,63.7
BL00996,CUST0197,2024-01-27,63.7
BL00997,CUST0197,2024-02-26,63.7
BL00998,CUST0197,2024-03-27,63.7
BL00999,CUST0197,2024-04-26,63.7
BL01000,CUST0197,2024-05-26,63.7
BL01001,CUST0197,2024-06-25,63.7
BL01002,CUST0200,2023-01-24,49.0
BL01003,CUST0200,2023-02-23,49.0
BL01004,CUST0200,2023-03-25,49.0
BL01005,CUST0200,2023-04-24,49.0
BL01006,CUST0200,2023-05-24,49.0
BL01007,CUST0200,2023-06-23,49.0
BL01008,CUST0200,2023-07-23,49.0
BL01009,CUST0200,2023-08-22,49.0
BL01010,CUST0200,2023-09-21,63.7
BL01011,CUST0200,2023-10-21,63.7
BL01012,CUST0200,2023-11-20,63.7
BL01013,CUST0200,2023-12-20,63.7
BL01014,CUST0200,2024-01-19,63.7
BL01015,CUST0200,2024-02-18,63.7
BL01016,CUST0200,2024-03-19,63.7
BL01017,CUST0200,2024-04-18,63.7
BL01018,CUST0200,2024-05-18,63.7
BL01019,CUST0200,2024-06-17,63.7
BL01020,CUST0203,2023-09-03,12.0
BL01021,CUST0203,2023-10-03,12.0
BL01022,CUST0203,2023-11-02,12.0
BL01023,CUST0203,2023-12-02,12.0
BL01024,CUST0203,2024-01-01,12.0
BL01025,CUST0203,2024-01-31,12.0
BL01026,CUST0203,2024-03-01,12.0
BL01027,CUST0203,2024-03-31,12.0
BL01028,CUST0203,2024-04-30,12.0
BL01029,CUST0203,2024-05-30,12.0
BL01030,CUST0203,2024-06-29,12.0
BL01031,CUST0204,2023-05-10,49.0
BL01032,CUST0204,2023-06-09,49.0
BL01033,CUST0204,2023-07-09,49.0
BL01034,CUST0204,2023-08-08,49.0
BL01035,CUST0204,2023-09-07,63.7
BL01036,CUST0204,2023-10-07,63.7
BL01037,CUST0204,2023-11-06,63.7
BL01038,CUST0204,2023-12-06,63.7
BL01039,CUST0204,2024-01-05,63.7
BL01040,CUST0204,2024-02-04,63.7
BL01041,CUST0204,2024-03-05,63.7
BL01042,CUST0204,2024-04-04,63.7
BL01043,CUST0204,2024-05-04,63.7
BL01044,CUST0204,2024-06-03,63.7
BL01045,CUST0206,2023-10-23,12.0
BL01046,CUST0206,2023-11-22,12.0
BL01047,CUST0206,2023-12-22,12.0
BL01048,CUST0206,2024-01-21,12.0
BL01049,CUST0206,2024-02-20,12.0
BL01050,CUST0206,2024-03-21,12.0
BL01051,CUST0206,2024-04-20,12.0
BL01052,CUST0206,2024-05-20,12.0
BL01053,CUST0206,2024-06-19,12.0
BL01054,CUST0207,2023-03-18,49.0
BL01055,CUST0207,2023-04-17,49.0
BL01056,CUST0207,2023-05-17,49.0
BL01057,CUST0207,2023-06-16,49.0
BL01058,CUST0207,2023-07-16,49.0
BL01059,CUST0207,2023-08-15,49.0
BL01060,CUST0207,2023-09-14,63.7
BL01061,CUST0207,2023-10-14,63.7
BL01062,CUST0207,2023-11-13,63.7
BL01063,CUST0207,2023-12-13,63.7
BL01064,CUST0207,2024-01-12,63.7
BL01065,CUST0207,2024-02-11,63.7
BL01066,CUST0207,2024-03-12,63.7
BL01067,CUST0207,2024-04-11,63.7
BL01068,CUST0207,2024-05-11,63.7
BL01069,CUST0207,2024-06-10,63.7
BL01070,CUST0209,2023-11-02,12.0
BL01071,CUST0209,2023-12-02,12.0
BL01072,CUST0209,2024-01-01,12.0
BL01073,CUST0209,2024-01-31,12.0
BL01074,CUST0209,2024-03-01,12.0
BL01075,CUST0209,2024-03-31,12.0
BL01076,CUST0209,2024-04-30,12.0
BL01077,CUST0209,2024-05-30,12.0
BL01078,CUST0209,2024-06-29,12.0
BL01079,CUST0210,2023-07-14,12.0
BL01080,CUST0210,2023-08-13,12.0
BL01081,CUST0210,2023-09-12,12.0
BL01082,CUST0210,2023-10-12,12.0
BL01083,CUST0210,2023-11-11,12.0
BL01084,CUST0210,2023-12-11,12.0
BL01085,CUST0210,2024-01-10,12.0
BL01086,CUST0210,2024-02-09,12.0
BL01087,CUST0210,2024-03-10,12.0
BL01088,CUST0210,2024-04-09,12.0
BL01089,CUST0210,2024-05-09,12.0
BL01090,CUST0210,2024-06-08,12.0
BL01091,CUST0211,2024-03-16,12.0
BL01092,CUST0211,2024-04-15,12.0
BL01093,CUST0211,2024-05-15,12.0
BL01094,CUST0211,2024-06-14,12.0
BL01095,CUST0212,2023-10-19,12.0
BL01096,CUST0212,2023-11-18,12.0
BL01097,CUST0212,2023-12-18,12.0
BL01098,CUST0212,2024-01-17,12.0
BL01099,CUST0212,2024-02-16,12.0
BL01100,CUST0212,2024-03-17,12.0
BL01101,CUST0212,2024-04-16,12.0
BL01102,CUST0212,2024-05-16,12.0
BL01103,CUST0212,2024-06-15,12.0
BL01104,CUST0215,2023-01-02,12.0
BL01105,CUST0217,2024-03-16,12.0
BL01106,CUST0217,2024-04-15,12.0
BL01107,CUST0218,2024-02-08,12.0
BL01108,CUST0218,2024-03-09,12.0
BL01109,CUST0218,2024-04-08,12.0
BL01110,CUST0218,2024-05-08,12.0
BL01111,CUST0218,2024-06-07,12.0
BL01112,CUST0219,2023-02-28,12.0
BL01113,CUST0219,2023-03-30,12.0
BL01114,CUST0219,2023-04-29,12.0
BL01115,CUST0219,2023-05-29,12.0
BL01116,CUST0219,2023-06-28,12.0
BL01117,CUST0219,2023-07-28,12.0
BL01118,CUST0219,2023-08-27,12.0
BL01119,CUST0219,2023-09-26,12.0
BL01120,CUST0219,2023-10-26,12.0
BL01121,CUST0219,2023-11-25,12.0
BL01122,CUST0219,2023-12-25,12.0
BL01123,CUST0219,2024-01-24,12.0
BL01124,CUST0219,2024-02-23,12.0
BL01125,CUST0219,2024-03-24,12.0
BL01126,CUST0219,2024-04-23,12.0
BL01127,CUST0219,2024-05-23,12.0
BL01128,CUST0219,2024-06-22,12.0
BL01129,CUST0222,2023-03-05,12.0
BL01130,CUST0222,2023-04-04,12.0
BL01131,CUST0222,2023-05-04,12.0
BL01132,CUST0222,2023-06-03,12.0
BL01133,CUST0222,2023-07-03,12.0
BL01134,CUST0222,2023-08-02,12.0
BL01135,CUST0222,2023-09-01,12.0
BL01136,CUST0222,2023-10-01,12.0
BL01137,CUST0222,2023-10-31,12.0
BL01138,CUST0222,2023-11-30,12.0
BL01139,CUST0222,2023-12-30,12.0
BL01140,CUST0222,2024-01-29,12.0
BL01141,CUST0222,2024-02-28,12.0
BL01142,CUST0222,2024-03-29,12.0
BL01143,CUST0222,2024-04-28,12.0
BL01144,CUST0222,2024-05-28,12.0
BL01145,CUST0222,2024-06-27,12.0
BL01146,CUST0223,2023-07-26,49.0
BL01147,CUST0223,2023-08-25,49.0
BL01148,CUST0223,2023-09-24,63.7
BL01149,CUST0224,2023-02-11,12.0
BL01150,CUST0224,2023-03-13,12.0
BL01151,CUST0224,2023-04-12,12.0
BL01152,CUST0224,2023-05-12,12.0
BL01153,CUST0224,2023-06-11,12.0
BL01154,CUST0224,2023-07-11,12.0
BL01155,CUST0225,2023-06-15,12.0
BL01156,CUST0225,2023-07-15,12.0
BL01157,CUST0225,2023-08-14,12.0
BL01158,CUST0225,2023-09-13,12.0
BL01159,CUST0225,2023-10-13,12.0
BL01160,CUST0225,2023-11-12,12.0
BL01161,CUST0225,2023-12-12,12.0
BL01162,CUST0225,2024-01-11,12.0
BL01163,CUST0225,2024-02-10,12.0
BL01164,CUST0225,2024-03-11,12.0
BL01165,CUST0225,2024-04-10,12.0
BL01166,CUST0225,2024-05-10,12.0
BL01167,CUST0225,2024-06-09,12.0
BL01168,CUST0226,2023-04-28,49.0
BL01169,CUST0226,2023-05-28,49.0
BL01170,CUST0226,2023-06-27,49.0
BL01171,CUST0226,2023-07-27,49.0
BL01172,CUST0226,2023-08-26,49.0
BL01173,CUST0226,2023-09-25,63.7
BL01174,CUST0226,2023-10-25,63.7
BL01175,CUST0226,2023-11-24,63.7
BL01176,CUST0226,2023-12-24,63.7
BL01177,CUST0226,2024-01-23,63.7
BL01178,CUST0226,2024-02-22,63.7
BL01179,CUST0226,2024-03-23,63.7
BL01180,CUST0226,2024-04-22,63.7
BL01181,CUST0226,2024-05-22,63.7
BL01182,CUST0226,2024-06-21,63.7
BL01183,CUST0228,2023-08-29,12.0
BL01184,CUST0228,2023-09-28,12.0
BL01185,CUST0228,2023-10-28,12.0
BL01186,CUST0228,2023-11-27,12.0
BL01187,CUST0228,2023-12-27,12.0
BL01188,CUST0228,2024-01-26,12.0
BL01189,CUST0228,2024-02-25,12.0
BL01190,CUST0228,2024-03-26,12.0
BL01191,CUST0228,2024-04-25,12.0
BL01192,CUST0228,2024-05-25,12.0
BL01193,CUST0228,2024-06-24,12.0
BL01194,CUST0229,2023-04-03,49.0
BL01195,CUST0229,2023-05-03,49.0
BL01196,CUST0229,2023-06-02,49.0
BL01197,CUST0229,2023-07-02,49.0
BL01198,CUST0229,2023-08-01,49.0
BL01199,CUST0229,2023-08-31,49.0
BL01200,CUST0229,2023-09-30,63.7
BL01201,CUST0229,2023-10-30,63.7
BL01202,CUST0229,2023-11-29,63.7
BL01203,CUST0229,2023-12-29,63.7
BL01204,CUST0229,2024-01-28,63.7
BL01205,CUST0229,2024-02-27,63.7
BL01206,CUST0229,2024-03-28,63.7
BL01207,CUST0229,2024-04-27,63.7
BL01208,CUST0229,2024-05-27,63.7
BL01209,CUST0229,2024-06-26,63.7
BL01210,CUST0230,2024-02-21,12.0
BL01211,CUST0230,2024-03-22,12.0
BL01212,CUST0230,2024-04-21,12.0
BL01213,CUST0230,2024-05-21,12.0
BL01214,CUST0230,2024-06-20,12.0
BL01215,CUST0231,2023-06-28,12.0
BL01216,CUST0231,2023-07-28,12.0
BL01217,CUST0231,2023-08-27,12.0
BL01218,CUST0231,2023-09-26,12.0
BL01219,CUST0231,2023-10-26,12.0
BL01220,CUST0231,2023-11-25,12.0
BL01221,CUST0231,2023-12-25,12.0
BL01222,CUST0231,2024-01-24,12.0
BL01223,CUST0231,2024-02-23,12.0
BL01224,CUST0231,2024-03-24,12.0
BL01225,CUST0231,2024-04-23,12.0
BL01226,CUST0231,2024-05-23,12.0
BL01227,CUST0231,2024-06-22,12.0
BL01228,CUST0232,2023-02-23,49.0
BL01229,CUST0232,2023-03-25,49.0
BL01230,CUST0232,2023-04-24,49.0
BL01231,CUST0232,2023-05-24,49.0
BL01232,CUST0232,2023-06-23,49.0
BL01233,CUST0232,2023-07-23,49.0
BL01234,CUST0232,2023-08-22,49.0
BL01235,CUST0232,2023-09-21,63.7
BL01236,CUST0232,2023-10-21,63.7
BL01237,CUST0232,2023-11-20,63.7
BL01238,CUST0232,2023-12-20,63.7
BL01239,CUST0232,2024-01-19,63.7
BL01240,CUST0232,2024-02-18,63.7
BL01241,CUST0232,2024-03-19,63.7
BL01242,CUST0232,2024-04-18,63.7
BL01243,CUST0232,2024-05-18,63.7
BL01244,CUST0232,2024-06-17,63.7
BL01245,CUST0233,2023-12-22,12.0
BL01246,CUST0233,2024-01-21,12.0
BL01247,CUST0233,2024-02-20,12.0
BL01248,CUST0233,2024-03-21,12.0
BL01249,CUST0233,2024-04-20,12.0
BL01250,CUST0234,2023-01-19,12.0
BL01251,CUST0234,2023-02-18,12.0
BL01252,CUST0234,2023-03-20,12.0
BL01253,CUST0234,2023-04-19,12.0
BL01254,CUST0234,2023-05-19,12.0
BL01255,CUST0234,2023-06-18,12.0
BL01256,CUST0234,2023-07-18,12.0
BL01257,CUST0234,2023-08-17,12.0
BL01258,CUST0234,2023-09-16,12.0
BL01259,CUST0234,2023-10-16,12.0
BL01260,CUST0234,2023-11-15,12.0
BL01261,CUST0236,2024-02-27,63.7
BL01262,CUST0236,2024-03-28,63.7
BL01263,CUST0236,2024-04-27,63.7
BL01264,CUST0236,2024-05-27,63.7
BL01265,CUST0236,2024-06-26,63.7
BL01266,CUST0238,2024-01-23,12.0
BL01267,CUST0238,2024-02-22,12.0
BL01268,CUST0238,2024-03-23,12.0
BL01269,CUST0238,2024-04-22,12.0
BL01270,CUST0238,2024-05-22,12.0
BL01271,CUST0238,2024-06-21,12.0
BL01272,CUST0240,2023-08-13,49.0
BL01273,CUST0240,2023-09-12,63.7
BL01274,CUST0241,2023-01-15,49.0
BL01275,CUST0241,2023-02-14,49.0
BL01276,CUST0241,2023-03-16,49.0
BL01277,CUST0241,2023-04-15,49.0
BL01278,CUST0241,2023-05-15,49.0
BL01279,CUST0241,2023-06-14,49.0
BL01280,CUST0241,2023-07-14,49.0
BL01281,CUST0241,2023-08-13,49.0
BL01282,CUST0241,2023-09-12,63.7
BL01283,CUST0241,2023-10-12,63.7
BL01284,CUST0241,2023-11-11,63.7
BL01285,CUST0241,2023-12-11,63.7
BL01286,CUST0241,2024-01-10,63.7
BL01287,CUST0241,2024-02-09,63.7
BL01288,CUST0241,2024-03-10,63.7
BL01289,CUST0241,2024-04-09,63.7
BL01290,CUST0241,2024-05-09,63.7
BL01291,CUST0241,2024-06-08,63.7
BL01292,CUST0245,2024-04-22,12.0
BL01293,CUST0245,2024-05-22,12.0
BL01294,CUST0245,2024-06-21,12.0
BL01295,CUST0246,2024-03-03,12.0
BL01296,CUST0246,2024-04-02,12.0
BL01297,CUST0246,2024-05-02,12.0
BL01298,CUST0246,2024-06-01,12.0
BL01299,CUST0247,2023-08-22,12.0
BL01300,CUST0247,2023-09-21,12.0
BL01301,CUST0247,2023-10-21,12.0
BL01302,CUST0247,2023-11-20,12.0
BL01303,CUST0247,2023-12-20,12.0
BL01304,CUST0247,2024-01-19,12.0
BL01305,CUST0247,2024-02-18,12.0
BL01306,CUST0247,2024-03-19,12.0
BL01307,CUST0247,2024-04-18,12.0
BL01308,CUST0247,2024-05-18,12.0
BL01309,CUST0247,2024-06-17,12.0
BL01310,CUST0248,2024-04-16,12.0
BL01311,CUST0248,2024-05-16,12.0
BL01312,CUST0248,2024-06-15,12.0
BL01313,CUST0249,2023-05-22,12.0
BL01314,CUST0249,2023-06-21,12.0
BL01315,CUST0249,2023-07-21,12.0
BL01316,CUST0249,2023-08-20,12.0
BL01317,CUST0249,2023-09-19,12.0
BL01318,CUST0249,2023-10-19,12.0
BL01319,CUST0249,2023-11-18,12.0
BL01320,CUST0249,2023-12-18,12.0
BL01321,CUST0249,2024-01-17,12.0
BL01322,CUST0249,2024-02-16,12.0
BL01323,CUST0249,2024-03-17,12.0
BL01324,CUST0249,2024-04-16,12.0
BL01325,CUST0249,2024-05-16,12.0
BL01326,CUST0249,2024-06-15,12.0
BL01327,CUST0250,2024-04-23,12.0
BL01328,CUST0250,2024-05-23,12.0
BL01329,CUST0250,2024-06-22,12.0
BL01330,CUST0251,2023-05-25,12.0
BL01331,CUST0251,2023-06-24,12.0
BL01332,CUST0251,2023-07-24,12.0
BL01333,CUST0251,2023-08-23,12.0
BL01334,CUST0251,2023-09-22,12.0
BL01335,CUST0251,2023-10-22,12.0
BL01336,CUST0251,2023-11-21,12.0
BL01337,CUST0251,2023-12-21,12.0
BL01338,CUST0251,2024-01-20,12.0
BL01339,CUST0251,2024-02-19,12.0
BL01340,CUST0252,2023-08-17,12.0
BL01341,CUST0252,2023-09-16,12.0
BL01342,CUST0252,2023-10-16,12.0
BL01343,CUST0252,2023-11-15,12.0
BL01344,CUST0252,2023-12-15,12.0
BL01345,CUST0252,2024-01-14,12.0
BL01346,CUST0252,2024-02-13,12.0
BL01347,CUST0252,2024-03-14,12.0
BL01348,CUST0252,2024-04-13,12.0
BL01349,CUST0252,2024-05-13,12.0
BL01350,CUST0252,2024-06-12,12.0
BL01351,CUST0253,2023-10-10,12.0
BL01352,CUST0253,2023-11-09,12.0
BL01353,CUST0253,2023-12-09,12.0
BL01354,CUST0253,2024-01-08,12.0
BL01355,CUST0253,2024-02-07,12.0
BL01356,CUST0253,2024-03-08,12.0
BL01357,CUST0253,2024-04-07,12.0
BL01358,CUST0253,2024-05-07,12.0
BL01359,CUST0253,2024-06-06,12.0
BL01360,CUST0255,2023-05-03,12.0
BL01361,CUST0257,2024-04-12,63.7
BL01362,CUST0258,2024-02-10,63.7
BL01363,CUST0258,2024-03-11,63.7
BL01364,CUST0258,2024-04-10,63.7
BL01365,CUST0258,2024-05-10,63.7
BL01366,CUST0258,2024-06-09,63.7
BL01367,CUST0260,2024-03-23,63.7
BL01368,CUST0260,2024-04-22,63.7
BL01369,CUST0260,2024-05-22,63.7
BL01370,CUST0260,2024-06-21,63.7
BL01371,CUST0261,2024-04-11,12.0
BL01372,CUST0261,2024-05-11,12.0
BL01373,CUST0261,2024-06-10,12.0
BL01374,CUST0262,2024-03-21,12.0
BL01375,CUST0262,2024-04-20,12.0
BL01376,CUST0262,2024-05-20,12.0
BL01377,CUST0262,2024-06-19,12.0
BL01378,CUST0263,2023-08-29,12.0
BL01379,CUST0263,2023-09-28,12.0
BL01380,CUST0263,2023-10-28,12.0
BL01381,CUST0263,2023-11-27,12.0
BL01382,CUST0263,2023-12-27,12.0
BL01383,CUST0263,2024-01-26,12.0
BL01384,CUST0263,2024-02-25,12.0
BL01385,CUST0263,2024-03-26,12.0
BL01386,CUST0263,2024-04-25,12.0
BL01387,CUST0263,2024-05-25,12.0
BL01388,CUST0263,2024-06-24,12.0
BL01389,CUST0264,2023-11-16,12.0
BL01390,CUST0264,2023-12-16,12.0
BL01391,CUST0264,2024-01-15,12.0
BL01392,CUST0264,2024-02-14,12.0
BL01393,CUST0264,2024-03-15,12.0
BL01394,CUST0264,2024-04-14,12.0
BL01395,CUST0264,2024-05-14,12.0
BL01396,CUST0264,2024-06-13,12.0
BL01397,CUST0265,2024-03-12,12.0
BL01398,CUST0265,2024-04-11,12.0
BL01399,CUST0265,2024-05-11,12.0
BL01400,CUST0265,2024-06-10,12.0
BL01401,CUST0266,2023-11-17,12.0
BL01402,CUST0266,2023-12-17,12.0
BL01403,CUST0266,2024-01-16,12.0
BL01404,CUST0266,2024-02-15,12.0
BL01405,CUST0266,2024-03-16,12.0
BL01406,CUST0267,2023-01-19,12.0
BL01407,CUST0267,2023-02-18,12.0
BL01408,CUST0267,2023-03-20,12.0
BL01409,CUST0267,2023-04-19,12.0
BL01410,CUST0267,2023-05-19,12.0
BL01411,CUST0267,2023-06-18,12.0
BL01412,CUST0267,2023-07-18,12.0
BL01413,CUST0267,2023-08-17,12.0
BL01414,CUST0267,2023-09-16,12.0
BL01415,CUST0267,2023-10-16,12.0
BL01416,CUST0267,2023-11-15,12.0
BL01417,CUST0267,2023-12-15,12.0
BL01418,CUST0267,2024-01-14,12.0
BL01419,CUST0267,2024-02-13,12.0
BL01420,CUST0267,2024-03-14,12.0
BL01421,CUST0267,2024-04-13,12.0
BL01422,CUST0267,2024-05-13,12.0
BL01423,CUST0267,2024-06-12,12.0
BL01424,CUST0268,2023-12-17,63.7
BL01425,CUST0268,2024-01-16,63.7
BL01426,CUST0269,2023-02-16,12.0
BL01427,CUST0269,2023-03-18,12.0
BL01428,CUST0269,2023-04-17,12.0
BL01429,CUST0269,2023-05-17,12.0
BL01430,CUST0269,2023-06-16,12.0
BL01431,CUST0269,2023-07-16,12.0
BL01432,CUST0269,2023-08-15,12.0
BL01433,CUST0269,2023-09-14,12.0
BL01434,CUST0269,2023-10-14,12.0
BL01435,CUST0269,2023-11-13,12.0
BL01436,CUST0269,2023-12-13,12.0
BL01437,CUST0269,2024-01-12,12.0
BL01438,CUST0269,2024-02-11,12.0
BL01439,CUST0269,2024-03-12,12.0
BL01440,CUST0269,2024-04-11,12.0
BL01441,CUST0269,2024-05-11,12.0
BL01442,CUST0269,2024-06-10,12.0
BL01443,CUST0270,2023-12-27,63.7
BL01444,CUST0270,2024-01-26,63.7
BL01445,CUST0270,2024-02-25,63.7
BL01446,CUST0270,2024-03-26,63.7
BL01447,CUST0270,2024-04-25,63.7
BL01448,CUST0270,2024-05-25,63.7
BL01449,CUST0270,2024-06-24,63.7
BL01450,CUST0272,2023-06-16,12.0
BL01451,CUST0272,2023-07-16,12.0
BL01452,CUST0272,2023-08-15,12.0
BL01453,CUST0272,2023-09-14,12.0
BL01454,CUST0272,2023-10-14,12.0
BL01455,CUST0272,2023-11-13,12.0
BL01456,CUST0272,2023-12-13,12.0
BL01457,CUST0272,2024-01-12,12.0
BL01458,CUST0272,2024-02-11,12.0
BL01459,CUST0272,2024-03-12,12.0
BL01460,CUST0272,2024-04-11,12.0
BL01461,CUST0272,2024-05-11,12.0
BL01462,CUST0272,2024-06-10,12.0
BL01463,CUST0273,2023-07-11,12.0
BL01464,CUST0273,2023-08-10,12.0
BL01465,CUST0273,2023-09-09,12.0
BL01466,CUST0273,2023-10-09,12.0
BL01467,CUST0273,2023-11-08,12.0
BL01468,CUST0273,2023-12-08,12.0
BL01469,CUST0273,2024-01-07,12.0
BL01470,CUST0273,2024-02-06,12.0
BL01471,CUST0273,2024-03-07,12.0
BL01472,CUST0273,2024-04-06,12.0
BL01473,CUST0273,2024-05-06,12.0
BL01474,CUST0273,2024-06-05,12.0
BL01475,CUST0274,2023-07-30,12.0
BL01476,CUST0274,2023-08-29,12.0
BL01477,CUST0274,2023-09-28,12.0
BL01478,CUST0274,2023-10-28,12.0
BL01479,CUST0274,2023-11-27,12.0
BL01480,CUST0274,2023-12-27,12.0
BL01481,CUST0274,2024-01-26,12.0
BL01482,CUST0274,2024-02-25,12.0
BL01483,CUST0274,2024-03-26,12.0
BL01484,CUST0274,2024-04-25,12.0
BL01485,CUST0274,2024-05-25,12.0
BL01486,CUST0274,2024-06-24,12.0
BL01487,CUST0277,2023-08-25,12.0
BL01488,CUST0277,2023-09-24,12.0
BL01489,CUST0277,2023-10-24,12.0
BL01490,CUST0277,2023-11-23,12.0
BL01491,CUST0277,2023-12-23,12.0
BL01492,CUST0277,2024-01-22,12.0
BL01493,CUST0277,2024-02-21,12.0
BL01494,CUST0277,2024-03-22,12.0
BL01495,CUST0277,2024-04-21,12.0
BL01496,CUST0277,2024-05-21,12.0
BL01497,CUST0277,2024-06-20,12.0
BL01498,CUST0279,2023-12-13,12.0
BL01499,CUST0279,2024-01-12,12.0
BL01500,CUST0279,2024-02-11,12.0
BL01501,CUST0279,2024-03-12,12.0
BL01502,CUST0281,2023-08-06,12.0
BL01503,CUST0281,2023-09-05,12.0
BL01504,CUST0282,2023-04-12,49.0
BL01505,CUST0282,2023-05-12,49.0
BL01506,CUST0282,2023-06-11,49.0
BL01507,CUST0282,2023-07-11,49.0
BL01508,CUST0282,2023-08-10,49.0
BL01509,CUST0282,2023-09-09,63.7
BL01510,CUST0282,2023-10-09,63.7
BL01511,CUST0282,2023-11-08,63.7
BL01512,CUST0283,2023-05-02,12.0
BL01513,CUST0283,2023-06-01,12.0
BL01514,CUST0283,2023-07-01,12.0
BL01515,CUST0283,2023-07-31,12.0
BL01516,CUST0283,2023-08-30,12.0
BL01517,CUST0283,2023-09-29,12.0
BL01518,CUST0283,2023-10-29,12.0
BL01519,CUST0283,2023-11-28,12.0
BL01520,CUST0283,2023-12-28,12.0
BL01521,CUST0283,2024-01-27,12.0
BL01522,CUST0283,2024-02-26,12.0
BL01523,CUST0283,2024-03-27,12.0
BL01524,CUST0283,2024-04-26,12.0
BL01525,CUST0283,2024-05-26,12.0
BL01526,CUST0283,2024-06-25,12.0
BL01527,CUST0284,2023-06-01,49.0
BL01528,CUST0284,2023-07-01,49.0
BL01529,CUST0284,2023-07-31,49.0
BL01530,CUST0284,2023-08-30,49.0
BL01531,CUST0284,2023-09-29,63.7
BL01532,CUST0284,2023-10-29,63.7
BL01533,CUST0284,2023-11-28,63.7
BL01534,CUST0285,2024-02-29,12.0
BL01535,CUST0285,2024-03-30,12.0
BL01536,CUST0285,2024-04-29,12.0
BL01537,CUST0285,2024-05-29,12.0
BL01538,CUST0285,2024-06-28,12.0
BL01539,CUST0286,2023-10-17,63.7
BL01540,CUST0286,2023-11-16,63.7
BL01541,CUST0286,2023-12-16,63.7
BL01542,CUST0286,2024-01-15,63.7
BL01543,CUST0286,2024-02-14,63.7
BL01544,CUST0286,2024-03-15,63.7
BL01545,CUST0286,2024-04-14,63.7
BL01546,CUST0286,2024-05-14,63.7
BL01547,CUST0286,2024-06-13,63.7
BL01548,CUST0287,2024-01-17,12.0
BL01549,CUST0287,2024-02-16,12.0
BL01550,CUST0287,2024-03-17,12.0
BL01551,CUST0287,2024-04-16,12.0
BL01552,CUST0287,2024-05-16,12.0
BL01553,CUST0287,2024-06-15,12.0
BL01554,CUST0288,2023-11-07,63.7
BL01555,CUST0288,2023-12-07,63.7
BL01556,CUST0288,2024-01-06,63.7
BL01557,CUST0288,2024-02-05,63.7
BL01558,CUST0288,2024-03-06,63.7
BL01559,CUST0288,2024-04-05,63.7
BL01560,CUST0288,2024-05-05,63.7
BL01561,CUST0288,2024-06-04,63.7
BL01562,CUST0289,2023-04-08,12.0
BL01563,CUST0289,2023-05-08,12.0
BL01564,CUST0289,2023-06-07,12.0
BL01565,CUST0289,2023-07-07,12.0
BL01566,CUST0289,2023-08-06,12.0
BL01567,CUST0289,2023-09-05,12.0
BL01568,CUST0289,2023-10-05,12.0
BL01569,CUST0289,2023-11-04,12.0
BL01570,CUST0289,2023-12-04,12.0
BL01571,CUST0289,2024-01-03,12.0
BL01572,CUST0289,2024-02-02,12.0
BL01573,CUST0289,2024-03-03,12.0
BL01574,CUST0289,2024-04-02,12.0
BL01575,CUST0289,2024-05-02,12.0
BL01576,CUST0289,2024-06-01,12.0
BL01577,CUST0290,2023-02-19,49.0
BL01578,CUST0290,2023-03-21,49.0
BL01579,CUST0290,2023-04-20,49.0
BL01580,CUST0290,2023-05-20,49.0
BL01581,CUST0290,2023-06-19,49.0
BL01582,CUST0290,2023-07-19,49.0
BL01583,CUST0290,2023-08-18,49.0
BL01584,CUST0290,2023-09-17,63.7
BL01585,CUST0290,2023-10-17,63.7
BL01586,CUST0290,2023-11-16,63.7
BL01587,CUST0290,2023-12-16,63.7
BL01588,CUST0290,2024-01-15,63.7
BL01589,CUST0290,2024-02-14,63.7
BL01590,CUST0290,2024-03-15,63.7
BL01591,CUST0290,2024-04-14,63.7
BL01592,CUST0290,2024-05-14,63.7
BL01593,CUST0290,2024-06-13,63.7
BL01594,CUST0291,2024-02-08,12.0
BL01595,CUST0291,2024-03-09,12.0
BL01596,CUST0291,2024-04-08,12.0
BL01597,CUST0291,2024-05-08,12.0
BL01598,CUST0291,2024-06-07,12.0
BL01599,CUST0293,2024-01-18,12.0
BL01600,CUST0293,2024-02-17,12.0
BL01601,CUST0293,2024-03-18,12.0
BL01602,CUST0293,2024-04-17,12.0
BL01603,CUST0293,2024-05-17,12.0
BL01604,CUST0293,2024-06-16,12.0
BL01605,CUST0294,2024-02-07,12.0
BL01606,CUST0294,2024-03-08,12.0
BL01607,CUST0294,2024-04-07,12.0
BL01608,CUST0294,2024-05-07,12.0
BL01609,CUST0294,2024-06-06,12.0
BL01610,CUST0295,2023-09-14,63.7
BL01611,CUST0295,2023-10-14,63.7
BL01612,CUST0295,2023-11-13,63.7
BL01613,CUST0295,2023-12-13,63.7
BL01614,CUST0295,2024-01-12,63.7
BL01615,CUST0295,2024-02-11,63.7
BL01616,CUST0295,2024-03-12,63.7
BL01617,CUST0295,2024-04-11,63.7
BL01618,CUST0295,2024-05-11,63.7
BL01619,CUST0295,2024-06-10,63.7
BL01620,CUST0296,2024-04-12,63.7
BL01621,CUST0296,2024-05-12,63.7
BL01622,CUST0296,2024-06-11,63.7
BL01623,CUST0297,2024-01-18,63.7
BL01624,CUST0297,2024-02-17,63.7
BL01625,CUST0297,2024-03-18,63.7
BL01626,CUST0297,2024-04-17,63.7
BL01627,CUST0297,2024-05-17,63.7
BL01628,CUST0297,2024-06-16,63.7
BL01629,CUST0299,2024-01-06,12.0
BL01630,CUST0299,2024-02-05,12.0
BL01631,CUST0299,2024-03-06,12.0
BL01632,CUST0299,2024-04-05,12.0
BL01633,CUST0299,2024-05-05,12.0
BL01634,CUST0299,2024-06-04,12.0
BL01635,CUST0301,2023-05-16,12.0
BL01636,CUST0301,2023-06-15,12.0
BL01637,CUST0301,2023-07-15,12.0
BL01638,CUST0301,2023-08-14,12.0
BL01639,CUST0301,2023-09-13,12.0
BL01640,CUST0301,2023-10-13,12.0
BL01641,CUST0301,2023-11-12,12.0
BL01642,CUST0301,2023-12-12,12.0
BL01643,CUST0301,2024-01-11,12.0
BL01644,CUST0301,2024-02-10,12.0
BL01645,CUST0301,2024-03-11,12.0
BL01646,CUST0301,2024-04-10,12.0
BL01647,CUST0301,2024-05-10,12.0
BL01648,CUST0301,2024-06-09,12.0
BL01649,CUST0302,2023-12-11,12.0
BL01650,CUST0302,2024-01-10,12.0
BL01651,CUST0302,2024-02-09,12.0
BL01652,CUST0302,2024-03-10,12.0
BL01653,CUST0302,2024-04-09,12.0
BL01654,CUST0302,2024-05-09,12.0
BL01655,CUST0302,2024-06-08,12.0
BL01656,CUST0303,2023-07-15,49.0
BL01657,CUST0303,2023-08-14,49.0
BL01658,CUST0303,2023-09-13,63.7
BL01659,CUST0303,2023-10-13,63.7
BL01660,CUST0303,2023-11-12,63.7
BL01661,CUST0303,2023-12-12,63.7
BL01662,CUST0303,2024-01-11,63.7
BL01663,CUST0303,2024-02-10,63.7
BL01664,CUST0303,2024-03-11,63.7
BL01665,CUST0303,2024-04-10,63.7
BL01666,CUST0303,2024-05-10,63.7
BL01667,CUST0303,2024-06-09,63.7
BL01668,CUST0305,2024-03-28,63.7
BL01669,CUST0305,2024-04-27,63.7
BL01670,CUST0305,2024-05-27,63.7
BL01671,CUST0305,2024-06-26,63.7
BL01672,CUST0306,2023-04-24,12.0
BL01673,CUST0306,2023-05-24,12.0
BL01674,CUST0306,2023-06-23,12.0
BL01675,CUST0306,2023-07-23,12.0
BL01676,CUST0306,2023-08-22,12.0
BL01677,CUST0306,2023-09-21,12.0
BL01678,CUST0306,2023-10-21,12.0
BL01679,CUST0306,2023-11-20,12.0
BL01680,CUST0306,2023-12-20,12.0
BL01681,CUST0306,2024-01-19,12.0
BL01682,CUST0306,2024-02-18,12.0
BL01683,CUST0306,2024-03-19,12.0
BL01684,CUST0306,2024-04-18,12.0
BL01685,CUST0306,2024-05-18,12.0
BL01686,CUST0306,2024-06-17,12.0
BL01687,CUST0307,2023-06-04,12.0
BL01688,CUST0307,2023-07-04,12.0
BL01689,CUST0307,2023-08-03,12.0
BL01690,CUST0307,2023-09-02,12.0
BL01691,CUST0307,2023-10-02,12.0
BL01692,CUST0307,2023-11-01,12.0
BL01693,CUST0307,2023-12-01,12.0
BL01694,CUST0307,2023-12-31,12.0
BL01695,CUST0307,2024-01-30,12.0
BL01696,CUST0307,2024-02-29,12.0
BL01697,CUST0307,2024-03-30,12.0
BL01698,CUST0307,2024-04-29,12.0
BL01699,CUST0307,2024-05-29,12.0
BL01700,CUST0307,2024-06-28,12.0
BL01701,CUST0308,2023-01-24,49.0
BL01702,CUST0308,2023-02-23,49.0
BL01703,CUST0308,2023-03-25,49.0
BL01704,CUST0308,2023-04-24,49.0
BL01705,CUST0308,2023-05-24,49.0
BL01706,CUST0308,2023-06-23,49.0
BL01707,CUST0308,2023-07-23,49.0
BL01708,CUST0308,2023-08-22,49.0
BL01709,CUST0308,2023-09-21,63.7
BL01710,CUST0308,2023-10-21,63.7
BL01711,CUST0308,2023-11-20,63.7
BL01712,CUST0308,2023-12-20,63.7
BL01713,CUST0308,2024-01-19,63.7
BL01714,CUST0308,2024-02-18,63.7
BL01715,CUST0308,2024-03-19,63.7
BL01716,CUST0308,2024-04-18,63.7
BL01717,CUST0308,2024-05-18,63.7
BL01718,CUST0308,2024-06-17,63.7
BL01719,CUST0310,2023-08-21,12.0
BL01720,CUST0310,2023-09-20,12.0
BL01721,CUST0310,2023-10-20,12.0
BL01722,CUST0310,2023-11-19,12.0
BL01723,CUST0310,2023-12-19,12.0
BL01724,CUST0310,2024-01-18,12.0
BL01725,CUST0310,2024-02-17,12.0
BL01726,CUST0310,2024-03-18,12.0
BL01727,CUST0310,2024-04-17,12.0
BL01728,CUST0311,2024-01-16,12.0
BL01729,CUST0311,2024-02-15,12.0
BL01730,CUST0311,2024-03-16,12.0
BL01731,CUST0311,2024-04-15,12.0
BL01732,CUST0311,2024-05-15,12.0
BL01733,CUST0311,2024-06-14,12.0
BL01734,CUST0312,2023-02-20,49.0
BL01735,CUST0312,2023-03-22,49.0
BL01736,CUST0312,2023-04-21,49.0
BL01737,CUST0312,2023-05-21,49.0
BL01738,CUST0312,2023-06-20,49.0
BL01739,CUST0312,2023-07-20,49.0
BL01740,CUST0312,2023-08-19,49.0
BL01741,CUST0312,2023-09-18,63.7
BL01742,CUST0312,2023-10-18,63.7
BL01743,CUST0312,2023-11-17,63.7
BL01744,CUST0312,2023-12-17,63.7
BL01745,CUST0312,2024-01-16,63.7
BL01746,CUST0312,2024-02-15,63.7
BL01747,CUST0312,2024-03-16,63.7
BL01748,CUST0312,2024-04-15,63.7
BL01749,CUST0312,2024-05-15,63.7
BL01750,CUST0312,2024-06-14,63.7
BL01751,CUST0313,2023-01-17,12.0
BL01752,CUST0313,2023-02-16,12.0
BL01753,CUST0313,2023-03-18,12.0
BL01754,CUST0313,2023-04-17,12.0
BL01755,CUST0313,2023-05-17,12.0
BL01756,CUST0313,2023-06-16,12.0
BL01757,CUST0313,2023-07-16,12.0
BL01758,CUST0313,2023-08-15,12.0
BL01759,CUST0313,2023-09-14,12.0
BL01760,CUST0313,2023-10-14,12.0
BL01761,CUST0313,2023-11-13,12.0
BL01762,CUST0313,2023-12-13,12.0
BL01763,CUST0313,2024-01-12,12.0
BL01764,CUST0313,2024-02-11,12.0
BL01765,CUST0313,2024-03-12,12.0
BL01766,CUST0313,2024-04-11,12.0
BL01767,CUST0313,2024-05-11,12.0
BL01768,CUST0313,2024-06-10,12.0
BL01769,CUST0314,2023-08-16,49.0
BL01770,CUST0314,2023-09-15,63.7
BL01771,CUST0314,2023-10-15,63.7
BL01772,CUST0314,2023-11-14,63.7
BL01773,CUST0314,2023-12-14,63.7
BL01774,CUST0314,2024-01-13,63.7
BL01775,CUST0314,2024-02-12,63.7
BL01776,CUST0314,2024-03-13,63.7
BL01777,CUST0314,2024-04-12,63.7
BL01778,CUST0314,2024-05-12,63.7
BL01779,CUST0314,2024-06-11,63.7
BL01780,CUST0315,2023-12-18,12.0
BL01781,CUST0315,2024-01-17,12.0
BL01782,CUST0315,2024-02-16,12.0
BL01783,CUST0315,2024-03-17,12.0
BL01784,CUST0315,2024-04-16,12.0
BL01785,CUST0315,2024-05-16,12.0
BL01786,CUST0315,2024-06-15,12.0
BL01787,CUST0317,2023-02-16,12.0
BL01788,CUST0317,2023-03-18,12.0
BL01789,CUST0317,2023-04-17,12.0
BL01790,CUST0317,2023-05-17,12.0
BL01791,CUST0317,2023-06-16,12.0
BL01792,CUST0320,2023-04-21,49.0
BL01793,CUST0320,2023-05-21,49.0
BL01794,CUST0320,2023-06-20,49.0
BL01795,CUST0320,2023-07-20,49.0
BL01796,CUST0320,2023-08-19,49.0
BL01797,CUST0320,2023-09-18,63.7
BL01798,CUST0320,2023-10-18,63.7
BL01799,CUST0320,2023-11-17,63.7
BL01800,CUST0320,2023-12-17,63.7
BL01801,CUST0320,2024-01-16,63.7
BL01802,CUST0320,2024-02-15,63.7
BL01803,CUST0320,2024-03-16,63.7
BL01804,CUST0320,2024-04-15,63.7
BL01805,CUST0320,2024-05-15,63.7
BL01806,CUST0320,2024-06-14,63.7
BL01807,CUST0322,2024-03-15,63.7
BL01808,CUST0322,2024-04-14,63.7
BL01809,CUST0323,2023-05-09,12.0
BL01810,CUST0323,2023-06-08,12.0
BL01811,CUST0325,2024-02-09,12.0
BL01812,CUST0325,2024-03-10,12.0
BL01813,CUST0325,2024-04-09,12.0
BL01814,CUST0325,2024-05-09,12.0
BL01815,CUST0325,2024-06-08,12.0
BL01816,CUST0327,2023-08-04,12.0
BL01817,CUST0327,2023-09-03,12.0
BL01818,CUST0327,2023-10-03,12.0
BL01819,CUST0327,2023-11-02,12.0
BL01820,CUST0327,2023-12-02,12.0
BL01821,CUST0327,2024-01-01,12.0
BL01822,CUST0327,2024-01-31,12.0
BL01823,CUST0327,2024-03-01,12.0
BL01824,CUST0327,2024-03-31,12.0
BL01825,CUST0327,2024-04-30,12.0
BL01826,CUST0328,2023-08-18,12.0
BL01827,CUST0328,2023-09-17,12.0
BL01828,CUST0328,2023-10-17,12.0
BL01829,CUST0328,2023-11-16,12.0
BL01830,CUST0328,2023-12-16,12.0
BL01831,CUST0328,2024-01-15,12.0
BL01832,CUST0328,2024-02-14,12.0
BL01833,CUST0328,2024-03-15,12.0
BL01834,CUST0328,2024-04-14,12.0
BL01835,CUST0328,2024-05-14,12.0
BL01836,CUST0328,2024-06-13,12.0
BL01837,CUST0330,2024-02-06,63.7
BL01838,CUST0330,2024-03-07,63.7
BL01839,CUST0330,2024-04-06,63.7
BL01840,CUST0330,2024-05-06,63.7
BL01841,CUST0330,2024-06-05,63.7
BL01842,CUST0331,2023-11-26,63.7
BL01843,CUST0331,2023-12-26,63.7
BL01844,CUST0331,2024-01-25,63.7
BL01845,CUST0331,2024-02-24,63.7
BL01846,CUST0331,2024-03-25,63.7
BL01847,CUST0331,2024-04-24,63.7
BL01848,CUST0331,2024-05-24,63.7
BL01849,CUST0331,2024-06-23,63.7
BL01850,CUST0332,2024-03-09,12.0
BL01851,CUST0332,2024-04-08,12.0
BL01852,CUST0332,2024-05-08,12.0
BL01853,CUST0332,2024-06-07,12.0
BL01854,CUST0333,2023-12-31,63.7
BL01855,CUST0333,2024-01-30,63.7
BL01856,CUST0333,2024-02-29,63.7
BL01857,CUST0333,2024-03-30,63.7
BL01858,CUST0333,2024-04-29,63.7
BL01859,CUST0333,2024-05-29,63.7
BL01860,CUST0333,2024-06-28,63.7
BL01861,CUST0334,2023-06-14,12.0
BL01862,CUST0334,2023-07-14,12.0
BL01863,CUST0334,2023-08-13,12.0
BL01864,CUST0334,2023-09-12,12.0
BL01865,CUST0334,2023-10-12,12.0
BL01866,CUST0335,2023-05-21,12.0
BL01867,CUST0335,2023-06-20,12.0
BL01868,CUST0335,2023-07-20,12.0
BL01869,CUST0335,2023-08-19,12.0
BL01870,CUST0335,2023-09-18,12.0
BL01871,CUST0335,2023-10-18,12.0
BL01872,CUST0335,2023-11-17,12.0
BL01873,CUST0335,2023-12-17,12.0
BL01874,CUST0335,2024-01-16,12.0
BL01875,CUST0335,2024-02-15,12.0
BL01876,CUST0335,2024-03-16,12.0
BL01877,CUST0335,2024-04-15,12.0
BL01878,CUST0335,2024-05-15,12.0
BL01879,CUST0335,2024-06-14,12.0
BL01880,CUST0336,2023-11-02,12.0
BL01881,CUST0336,2023-12-02,12.0
BL01882,CUST0336,2024-01-01,12.0
BL01883,CUST0336,2024-01-31,12.0
BL01884,CUST0336,2024-03-01,12.0
BL01885,CUST0336,2024-03-31,12.0
BL01886,CUST0336,2024-04-30,12.0
BL01887,CUST0336,2024-05-30,12.0
BL01888,CUST0336,2024-06-29,12.0
BL01889,CUST0337,2023-11-06,12.0
BL01890,CUST0337,2023-12-06,12.0
BL01891,CUST0337,2024-01-05,12.0
BL01892,CUST0337,2024-02-04,12.0
BL01893,CUST0337,2024-03-05,12.0
BL01894,CUST0337,2024-04-04,12.0
BL01895,CUST0337,2024-05-04,12.0
BL01896,CUST0337,2024-06-03,12.0
BL01897,CUST0338,2023-11-30,63.7
BL01898,CUST0338,2023-12-30,63.7
BL01899,CUST0338,2024-01-29,63.7
BL01900,CUST0338,2024-02-28,63.7
BL01901,CUST0338,2024-03-29,63.7
BL01902,CUST0338,2024-04-28,63.7
BL01903,CUST0338,2024-05-28,63.7
BL01904,CUST0338,2024-06-27,63.7
BL01905,CUST0339,2023-08-20,49.0
BL01906,CUST0339,2023-09-19,63.7
BL01907,CUST0339,2023-10-19,63.7
BL01908,CUST0339,2023-11-18,63.7
BL01909,CUST0339,2023-12-18,63.7
BL01910,CUST0339,2024-01-17,63.7
BL01911,CUST0339,2024-02-16,63.7
BL01912,CUST0339,2024-03-17,63.7
BL01913,CUST0339,2024-04-16,63.7
BL01914,CUST0339,2024-05-16,63.7
BL01915,CUST0339,2024-06-15,63.7
BL01916,CUST0340,2024-02-28,12.0
BL01917,CUST0340,2024-03-29,12.0
BL01918,CUST0340,2024-04-28,12.0
BL01919,CUST0340,2024-05-28,12.0
BL01920,CUST0340,2024-06-27,12.0
BL01921,CUST0342,2023-05-11,12.0
BL01922,CUST0342,2023-06-10,12.0
BL01923,CUST0342,2023-07-10,12.0
BL01924,CUST0342,2023-08-09,12.0
BL01925,CUST0342,2023-09-08,12.0
BL01926,CUST0342,2023-10-08,12.0
BL01927,CUST0342,2023-11-07,12.0
BL01928,CUST0342,2023-12-07,12.0
BL01929,CUST0342,2024-01-06,12.0
BL01930,CUST0342,2024-02-05,12.0
BL01931,CUST0342,2024-03-06,12.0
BL01932,CUST0342,2024-04-05,12.0
BL01933,CUST0342,2024-05-05,12.0
BL01934,CUST0342,2024-06-04,12.0
BL01935,CUST0343,2024-04-17,12.0
BL01936,CUST0343,2024-05-17,12.0
BL01937,CUST0343,2024-06-16,12.0
BL01938,CUST0344,2023-02-17,12.0
BL01939,CUST0344,2023-03-19,12.0
BL01940,CUST0344,2023-04-18,12.0
BL01941,CUST0344,2023-05-18,12.0
BL01942,CUST0344,2023-06-17,12.0
BL01943,CUST0344,2023-07-17,12.0
BL01944,CUST0344,2023-08-16,12.0
BL01945,CUST0344,2023-09-15,12.0
BL01946,CUST0344,2023-10-15,12.0
BL01947,CUST0344,2023-11-14,12.0
BL01948,CUST0344,2023-12-14,12.0
BL01949,CUST0344,2024-01-13,12.0
BL01950,CUST0344,2024-02-12,12.0
BL01951,CUST0344,2024-03-13,12.0
BL01952,CUST0344,2024-04-12,12.0
BL01953,CUST0344,2024-05-12,12.0
BL01954,CUST0344,2024-06-11,12.0
BL01955,CUST0346,2023-03-04,12.0
BL01956,CUST0346,2023-04-03,12.0
BL01957,CUST0346,2023-05-03,12.0
BL01958,CUST0346,2023-06-02,12.0
BL01959,CUST0346,2023-07-02,12.0
BL01960,CUST0346,2023-08-01,12.0
BL01961,CUST0346,2023-08-31,12.0
BL01962,CUST0346,2023-09-30,12.0
BL01963,CUST0346,2023-10-30,12.0
BL01964,CUST0346,2023-11-29,12.0
BL01965,CUST0346,2023-12-29,12.0
BL01966,CUST0346,2024-01-28,12.0
BL01967,CUST0346,2024-02-27,12.0
BL01968,CUST0346,2024-03-28,12.0
BL01969,CUST0346,2024-04-27,12.0
BL01970,CUST0346,2024-05-27,12.0
BL01971,CUST0346,2024-06-26,12.0
BL01972,CUST0347,2023-01-27,49.0
BL01973,CUST0348,2023-02-23,12.0
BL01974,CUST0348,2023-03-25,12.0
BL01975,CUST0349,2023-12-03,12.0
BL01976,CUST0349,2024-01-02,12.0
BL01977,CUST0349,2024-02-01,12.0
BL01978,CUST0349,2024-03-02,12.0
BL01979,CUST0349,2024-04-01,12.0
BL01980,CUST0349,2024-05-01,12.0
BL01981,CUST0349,2024-05-31,12.0
BL01982,CUST0349,2024-06-30,12.0
BL01983,CUST0350,2024-03-08,12.0
BL01984,CUST0350,2024-04-07,12.0
BL01985,CUST0352,2024-01-28,63.7
BL01986,CUST0352,2024-02-27,63.7
BL01987,CUST0352,2024-03-28,63.7
BL01988,CUST0352,2024-04-27,63.7
BL01989,CUST0352,2024-05-27,63.7
BL01990,CUST0352,2024-06-26,63.7
BL01991,CUST0353,2024-04-20,12.0
BL01992,CUST0353,2024-05-20,12.0
BL01993,CUST0353,2024-06-19,12.0
BL01994,CUST0356,2023-12-03,12.0
BL01995,CUST0356,2024-01-02,12.0
BL01996,CUST0356,2024-02-01,12.0
BL01997,CUST0356,2024-03-02,12.0
BL01998,CUST0356,2024-04-01,12.0
BL01999,CUST0356,2024-05-01,12.0
BL02000,CUST0356,2024-05-31,12.0
BL02001,CUST0356,2024-06-30,12.0
BL02002,CUST0357,2023-11-21,63.7
BL02003,CUST0357,2023-12-21,63.7
BL02004,CUST0357,2024-01-20,63.7
BL02005,CUST0357,2024-02-19,63.7
BL02006,CUST0357,2024-03-20,63.7
BL02007,CUST0357,2024-04-19,63.7
BL02008,CUST0357,2024-05-19,63.7
BL02009,CUST0357,2024-06-18,63.7
BL02010,CUST0360,2023-06-16,12.0
BL02011,CUST0360,2023-07-16,12.0
BL02012,CUST0360,2023-08-15,12.0
BL02013,CUST0360,2023-09-14,12.0
BL02014,CUST0360,2023-10-14,12.0
BL02015,CUST0360,2023-11-13,12.0
BL02016,CUST0360,2023-12-13,12.0
BL02017,CUST0360,2024-01-12,12.0
BL02018,CUST0360,2024-02-11,12.0
BL02019,CUST0360,2024-03-12,12.0
BL02020,CUST0360,2024-04-11,12.0
BL02021,CUST0360,2024-05-11,12.0
BL02022,CUST0360,2024-06-10,12.0
BL02023,CUST0363,2023-11-07,12.0
BL02024,CUST0363,2023-12-07,12.0
BL02025,CUST0363,2024-01-06,12.0
BL02026,CUST0363,2024-02-05,12.0
BL02027,CUST0363,2024-03-06,12.0
BL02028,CUST0363,2024-04-05,12.0
BL02029,CUST0363,2024-05-05,12.0
BL02030,CUST0363,2024-06-04,12.0
BL02031,CUST0364,2024-01-22,12.0
BL02032,CUST0364,2024-02-21,12.0
BL02033,CUST0364,2024-03-22,12.0
BL02034,CUST0364,2024-04-21,12.0
BL02035,CUST0364,2024-05-21,12.0
BL02036,CUST0364,2024-06-20,12.0
BL02037,CUST0370,2024-01-18,12.0
BL02038,CUST0370,2024-02-17,12.0
BL02039,CUST0370,2024-03-18,12.0
BL02040,CUST0370,2024-04-17,12.0
BL02041,CUST0370,2024-05-17,12.0
BL02042,CUST0370,2024-06-16,12.0
BL02043,CUST0371,2023-09-30,12.0
BL02044,CUST0371,2023-10-30,12.0
BL02045,CUST0371,2023-11-29,12.0
BL02046,CUST0371,2023-12-29,12.0
BL02047,CUST0371,2024-01-28,12.0
BL02048,CUST0371,2024-02-27,12.0
BL02049,CUST0371,2024-03-28,12.0
BL02050,CUST0371,2024-04-27,12.0
BL02051,CUST0371,2024-05-27,12.0
BL02052,CUST0371,2024-06-26,12.0
BL02053,CUST0372,2023-07-23,49.0
BL02054,CUST0372,2023-08-22,49.0
BL02055,CUST0372,2023-09-21,63.7
BL02056,CUST0372,2023-10-21,63.7
BL02057,CUST0372,2023-11-20,63.7
BL02058,CUST0372,2023-12-20,63.7
BL02059,CUST0372,2024-01-19,63.7
BL02060,CUST0372,2024-02-18,63.7
BL02061,CUST0372,2024-03-19,63.7
BL02062,CUST0372,2024-04-18,63.7
BL02063,CUST0372,2024-05-18,63.7
BL02064,CUST0372,2024-06-17,63.7
BL02065,CUST0373,2023-01-10,12.0
BL02066,CUST0373,2023-02-09,12.0
BL02067,CUST0373,2023-03-11,12.0
BL02068,CUST0373,2023-04-10,12.0
BL02069,CUST0373,2023-05-10,12.0
BL02070,CUST0373,2023-06-09,12.0
BL02071,CUST0373,2023-07-09,12.0
BL02072,CUST0373,2023-08-08,12.0
BL02073,CUST0373,2023-09-07,12.0
BL02074,CUST0373,2023-10-07,12.0
BL02075,CUST0373,2023-11-06,12.0
BL02076,CUST0373,2023-12-06,12.0
BL02077,CUST0373,2024-01-05,12.0
BL02078,CUST0373,2024-02-04,12.0
BL02079,CUST0373,2024-03-05,12.0
BL02080,CUST0373,2024-04-04,12.0
BL02081,CUST0373,2024-05-04,12.0
BL02082,CUST0373,2024-06-03,12.0
BL02083,CUST0374,2023-10-22,12.0
BL02084,CUST0374,2023-11-21,12.0
BL02085,CUST0374,2023-12-21,12.0
BL02086,CUST0374,2024-01-20,12.0
BL02087,CUST0374,2024-02-19,12.0
BL02088,CUST0374,2024-03-20,12.0
BL02089,CUST0374,2024-04-19,12.0
BL02090,CUST0374,2024-05-19,12.0
BL02091,CUST0374,2024-06-18,12.0
BL02092,CUST0375,2023-11-24,12.0
BL02093,CUST0375,2023-12-24,12.0
BL02094,CUST0375,2024-01-23,12.0
BL02095,CUST0375,2024-02-22,12.0
BL02096,CUST0375,2024-03-23,12.0
BL02097,CUST0375,2024-04-22,12.0
BL02098,CUST0375,2024-05-22,12.0
BL02099,CUST0375,2024-06-21,12.0
BL02100,CUST0376,2023-01-11,49.0
BL02101,CUST0376,2023-02-10,49.0
BL02102,CUST0376,2023-03-12,49.0
BL02103,CUST0376,2023-04-11,49.0
BL02104,CUST0376,2023-05-11,49.0
BL02105,CUST0376,2023-06-10,49.0
BL02106,CUST0376,2023-07-10,49.0
BL02107,CUST0376,2023-08-09,49.0
BL02108,CUST0376,2023-09-08,63.7
BL02109,CUST0376,2023-10-08,63.7
BL02110,CUST0376,2023-11-07,63.7
BL02111,CUST0376,2023-12-07,63.7
BL02112,CUST0376,2024-01-06,63.7
BL02113,CUST0376,2024-02-05,63.7
BL02114,CUST0376,2024-03-06,63.7
BL02115,CUST0376,2024-04-05,63.7
BL02116,CUST0376,2024-05-05,63.7
BL02117,CUST0376,2024-06-04,63.7
BL02118,CUST0377,2023-08-24,49.0
BL02119,CUST0377,2023-09-23,63.7
BL02120,CUST0377,2023-10-23,63.7
BL02121,CUST0377,2023-11-22,63.7
BL02122,CUST0377,2023-12-22,63.7
BL02123,CUST0377,2024-01-21,63.7
BL02124,CUST0377,2024-02-20,63.7
BL02125,CUST0377,2024-03-21,63.7
BL02126,CUST0377,2024-04-20,63.7
BL02127,CUST0377,2024-05-20,63.7
BL02128,CUST0377,2024-06-19,63.7
BL02129,CUST0378,2023-08-12,49.0
BL02130,CUST0378,2023-09-11,63.7
BL02131,CUST0378,2023-10-11,63.7
BL02132,CUST0378,2023-11-10,63.7
BL02133,CUST0378,2023-12-10,63.7
BL02134,CUST0378,2024-01-09,63.7
BL02135,CUST0378,2024-02-08,63.7
BL02136,CUST0378,2024-03-09,63.7
BL02137,CUST0378,2024-04-08,63.7
BL02138,CUST0378,2024-05-08,63.7
BL02139,CUST0378,2024-06-07,63.7
BL02140,CUST0379,2023-10-29,12.0
BL02141,CUST0379,2023-11-28,12.0
BL02142,CUST0379,2023-12-28,12.0
BL02143,CUST0379,2024-01-27,12.0
BL02144,CUST0379,2024-02-26,12.0
BL02145,CUST0379,2024-03-27,12.0
BL02146,CUST0379,2024-04-26,12.0
BL02147,CUST0379,2024-05-26,12.0
BL02148,CUST0379,2024-06-25,12.0
BL02149,CUST0381,2023-06-20,12.0
BL02150,CUST0381,2023-07-20,12.0
BL02151,CUST0381,2023-08-19,12.0
BL02152,CUST0381,2023-09-18,12.0
BL02153,CUST0381,2023-10-18,12.0
BL02154,CUST0381,2023-11-17,12.0
BL02155,CUST0381,2023-12-17,12.0
BL02156,CUST0381,2024-01-16,12.0
BL02157,CUST0381,2024-02-15,12.0
BL02158,CUST0381,2024-03-16,12.0
BL02159,CUST0381,2024-04-15,12.0
BL02160,CUST0381,2024-05-15,12.0
BL02161,CUST0381,2024-06-14,12.0
BL02162,CUST0383,2023-06-29,12.0
BL02163,CUST0383,2023-07-29,12.0
BL02164,CUST0383,2023-08-28,12.0
BL02165,CUST0383,2023-09-27,12.0
BL02166,CUST0383,2023-10-27,12.0
BL02167,CUST0383,2023-11-26,12.0
BL02168,CUST0383,2023-12-26,12.0
BL02169,CUST0386,2024-01-31,12.0
BL02170,CUST0386,2024-03-01,12.0
BL02171,CUST0386,2024-03-31,12.0
BL02172,CUST0386,2024-04-30,12.0
BL02173,CUST0386,2024-05-30,12.0
BL02174,CUST0386,2024-06-29,12.0
BL02175,CUST0387,2024-01-25,12.0
BL02176,CUST0387,2024-02-24,12.0
BL02177,CUST0387,2024-03-25,12.0
BL02178,CUST0387,2024-04-24,12.0
BL02179,CUST0387,2024-05-24,12.0
BL02180,CUST0387,2024-06-23,12.0
BL02181,CUST0389,2023-08-15,12.0
BL02182,CUST0389,2023-09-14,12.0
BL02183,CUST0389,2023-10-14,12.0
BL02184,CUST0389,2023-11-13,12.0
BL02185,CUST0389,2023-12-13,12.0
BL02186,CUST0389,2024-01-12,12.0
BL02187,CUST0389,2024-02-11,12.0
BL02188,CUST0389,2024-03-12,12.0
BL02189,CUST0389,2024-04-11,12.0
BL02190,CUST0389,2024-05-11,12.0
BL02191,CUST0389,2024-06-10,12.0
BL02192,CUST0390,2023-01-29,12.0
BL02193,CUST0390,2023-02-28,12.0
BL02194,CUST0390,2023-03-30,12.0
BL02195,CUST0390,2023-04-29,12.0
BL02196,CUST0390,2023-05-29,12.0
BL02197,CUST0390,2023-06-28,12.0
BL02198,CUST0390,2023-07-28,12.0
BL02199,CUST0390,2023-08-27,12.0
BL02200,CUST0390,2023-09-26,12.0
BL02201,CUST0390,2023-10-26,12.0
BL02202,CUST0390,2023-11-25,12.0
BL02203,CUST0390,2023-12-25,12.0
BL02204,CUST0390,2024-01-24,12.0
BL02205,CUST0390,2024-02-23,12.0
BL02206,CUST0390,2024-03-24,12.0
BL02207,CUST0390,2024-04-23,12.0
BL02208,CUST0390,2024-05-23,12.0
BL02209,CUST0390,2024-06-22,12.0
BL02210,CUST0391,2023-08-25,12.0
BL02211,CUST0391,2023-09-24,12.0
BL02212,CUST0391,2023-10-24,12.0
BL02213,CUST0391,2023-11-23,12.0
BL02214,CUST0391,2023-12-23,12.0
BL02215,CUST0391,2024-01-22,12.0
BL02216,CUST0391,2024-02-21,12.0
BL02217,CUST0391,2024-03-22,12.0
BL02218,CUST0391,2024-04-21,12.0
BL02219,CUST0391,2024-05-21,12.0
BL02220,CUST0391,2024-06-20,12.0
BL02221,CUST0393,2023-11-01,12.0
BL02222,CUST0393,2023-12-01,12.0
BL02223,CUST0393,2023-12-31,12.0
BL02224,CUST0393,2024-01-30,12.0
BL02225,CUST0393,2024-02-29,12.0
BL02226,CUST0393,2024-03-30,12.0
BL02227,CUST0393,2024-04-29,12.0
BL02228,CUST0393,2024-05-29,12.0
BL02229,CUST0394,2023-10-11,63.7
BL02230,CUST0394,2023-11-10,63.7
BL02231,CUST0394,2023-12-10,63.7
BL02232,CUST0394,2024-01-09,63.7
BL02233,CUST0394,2024-02-08,63.7
BL02234,CUST0394,2024-03-09,63.7
BL02235,CUST0394,2024-04-08,63.7
BL02236,CUST0394,2024-05-08,63.7
BL02237,CUST0394,2024-06-07,63.7
BL02238,CUST0395,2024-04-10,63.7
BL02239,CUST0395,2024-05-10,63.7
BL02240,CUST0395,2024-06-09,63.7
BL02241,CUST0396,2023-11-06,12.0
BL02242,CUST0396,2023-12-06,12.0
BL02243,CUST0396,2024-01-05,12.0
BL02244,CUST0396,2024-02-04,12.0
BL02245,CUST0396,2024-03-05,12.0
BL02246,CUST0396,2024-04-04,12.0
BL02247,CUST0396,2024-05-04,12.0
BL02248,CUST0396,2024-06-03,12.0
BL02249,CUST0398,2023-02-13,12.0
BL02250,CUST0398,2023-03-15,12.0
BL02251,CUST0398,2023-04-14,12.0
BL02252,CUST0398,2023-05-14,12.0
BL02253,CUST0398,2023-06-13,12.0
BL02254,CUST0398,2023-07-13,12.0
BL02255,CUST0398,2023-08-12,12.0
BL02256,CUST0398,2023-09-11,12.0
BL02257,CUST0398,2023-10-11,12.0
BL02258,CUST0398,2023-11-10,12.0
BL02259,CUST0398,2023-12-10,12.0
BL02260,CUST0398,2024-01-09,12.0
BL02261,CUST0398,2024-02-08,12.0
BL02262,CUST0398,2024-03-09,12.0
BL02263,CUST0398,2024-04-08,12.0
BL02264,CUST0398,2024-05-08,12.0
BL02265,CUST0398,2024-06-07,12.0
BL02266,CUST0399,2023-05-07,12.0
BL02267,CUST0399,2023-06-06,12.0
BL02268,CUST0399,2023-07-06,12.0
BL02269,CUST0399,2023-08-05,12.0
BL02270,CUST0399,2023-09-04,12.0
BL02271,CUST0399,2023-10-04,12.0
BL02272,CUST0399,2023-11-03,12.0
BL02273,CUST0399,2023-12-03,12.0
BL02274,CUST0399,2024-01-02,12.0
BL02275,CUST0399,2024-02-01,12.0
BL02276,CUST0399,2024-03-02,12.0
BL02277,CUST0399,2024-04-01,12.0
BL02278,CUST0399,2024-05-01,12.0
BL02279,CUST0399,2024-05-31,12.0
BL02280,CUST0399,2024-06-30,12.0
BL02281,CUST0400,2023-09-25,12.0
BL02282,CUST0400,2023-10-25,12.0
BL02283,CUST0400,2023-11-24,12.0
BL02284,CUST0400,2023-12-24,12.0
BL02285,CUST0400,2024-01-23,12.0
BL02286,CUST0400,2024-02-22,12.0
BL02287,CUST0400,2024-03-23,12.0
BL02288,CUST0400,2024-04-22,12.0
BL02289,CUST0400,2024-05-22,12.0
BL02290,CUST0400,2024-06-21,12.0
BL02291,CUST0402,2023-12-14,12.0
BL02292,CUST0402,2024-01-13,12.0
BL02293,CUST0402,2024-02-12,12.0
BL02294,CUST0402,2024-03-13,12.0
BL02295,CUST0402,2024-04-12,12.0
BL02296,CUST0402,2024-05-12,12.0
BL02297,CUST0402,2024-06-11,12.0
BL02298,CUST0404,2023-05-10,12.0
BL02299,CUST0404,2023-06-09,12.0
BL02300,CUST0404,2023-07-09,12.0
BL02301,CUST0404,2023-08-08,12.0
BL02302,CUST0404,2023-09-07,12.0
BL02303,CUST0404,2023-10-07,12.0
BL02304,CUST0404,2023-11-06,12.0
BL02305,CUST0404,2023-12-06,12.0
BL02306,CUST0404,2024-01-05,12.0
BL02307,CUST0404,2024-02-04,12.0
BL02308,CUST0404,2024-03-05,12.0
BL02309,CUST0404,2024-04-04,12.0
BL02310,CUST0404,2024-05-04,12.0
BL02311,CUST0405,2023-02-11,12.0
BL02312,CUST0405,2023-03-13,12.0
BL02313,CUST0405,2023-04-12,12.0
BL02314,CUST0405,2023-05-12,12.0
BL02315,CUST0405,2023-06-11,12.0
BL02316,CUST0405,2023-07-11,12.0
BL02317,CUST0405,2023-08-10,12.0
BL02318,CUST0405,2023-09-09,12.0
BL02319,CUST0405,2023-10-09,12.0
BL02320,CUST0405,2023-11-08,12.0
BL02321,CUST0405,2023-12-08,12.0
BL02322,CUST0405,2024-01-07,12.0
BL02323,CUST0405,2024-02-06,12.0
BL02324,CUST0405,2024-03-07,12.0
BL02325,CUST0405,2024-04-06,12.0
BL02326,CUST0405,2024-05-06,12.0
BL02327,CUST0405,2024-06-05,12.0
BL02328,CUST0406,2023-06-08,49.0
BL02329,CUST0406,2023-07-08,49.0
BL02330,CUST0406,2023-08-07,49.0
BL02331,CUST0406,2023-09-06,63.7
BL02332,CUST0406,2023-10-06,63.7
BL02333,CUST0406,2023-11-05,63.7
BL02334,CUST0406,2023-12-05,63.7
BL02335,CUST0406,2024-01-04,63.7
BL02336,CUST0406,2024-02-03,63.7
BL02337,CUST0406,2024-03-04,63.7
BL02338,CUST0406,2024-04-03,63.7
BL02339,CUST0406,2024-05-03,63.7
BL02340,CUST0406,2024-06-02,63.7
BL02341,CUST0407,2023-11-01,12.0
BL02342,CUST0407,2023-12-01,12.0
BL02343,CUST0407,2023-12-31,12.0
BL02344,CUST0407,2024-01-30,12.0
BL02345,CUST0407,2024-02-29,12.0
BL02346,CUST0407,2024-03-30,12.0
BL02347,CUST0407,2024-04-29,12.0
BL02348,CUST0407,2024-05-29,12.0
BL02349,CUST0407,2024-06-28,12.0
BL02350,CUST0408,2023-10-14,12.0
BL02351,CUST0408,2023-11-13,12.0
BL02352,CUST0408,2023-12-13,12.0
BL02353,CUST0408,2024-01-12,12.0
BL02354,CUST0408,2024-02-11,12.0
BL02355,CUST0408,2024-03-12,12.0
BL02356,CUST0408,2024-04-11,12.0
BL02357,CUST0408,2024-05-11,12.0
BL02358,CUST0408,2024-06-10,12.0
BL02359,CUST0409,2023-12-10,12.0
BL02360,CUST0409,2024-01-09,12.0
BL02361,CUST0409,2024-02-08,12.0
BL02362,CUST0409,2024-03-09,12.0
BL02363,CUST0409,2024-04-08,12.0
BL02364,CUST0409,2024-05-08,12.0
BL02365,CUST0409,2024-06-07,12.0
BL02366,CUST0410,2023-12-10,12.0
BL02367,CUST0410,2024-01-09,12.0
BL02368,CUST0410,2024-02-08,12.0
BL02369,CUST0410,2024-03-09,12.0
BL02370,CUST0410,2024-04-08,12.0
BL02371,CUST0410,2024-05-08,12.0
BL02372,CUST0410,2024-06-07,12.0
BL02373,CUST0412,2024-04-30,12.0
BL02374,CUST0412,2024-05-30,12.0
BL02375,CUST0412,2024-06-29,12.0
BL02376,CUST0414,2023-09-17,12.0
BL02377,CUST0414,2023-10-17,12.0
BL02378,CUST0414,2023-11-16,12.0
BL02379,CUST0414,2023-12-16,12.0
BL02380,CUST0414,2024-01-15,12.0
BL02381,CUST0414,2024-02-14,12.0
BL02382,CUST0414,2024-03-15,12.0
BL02383,CUST0414,2024-04-14,12.0
BL02384,CUST0414,2024-05-14,12.0
BL02385,CUST0414,2024-06-13,12.0
BL02386,CUST0415,2023-06-22,49.0
BL02387,CUST0415,2023-07-22,49.0
BL02388,CUST0415,2023-08-21,49.0
BL02389,CUST0415,2023-09-20,63.7
BL02390,CUST0415,2023-10-20,63.7
BL02391,CUST0415,2023-11-19,63.7
BL02392,CUST0415,2023-12-19,63.7
BL02393,CUST0415,2024-01-18,63.7
BL02394,CUST0415,2024-02-17,63.7
BL02395,CUST0415,2024-03-18,63.7
BL02396,CUST0415,2024-04-17,63.7
BL02397,CUST0415,2024-05-17,63.7
BL02398,CUST0415,2024-06-16,63.7
BL02399,CUST0417,2024-01-30,12.0
BL02400,CUST0417,2024-02-29,12.0
BL02401,CUST0417,2024-03-30,12.0
BL02402,CUST0417,2024-04-29,12.0
BL02403,CUST0417,2024-05-29,12.0
BL02404,CUST0417,2024-06-28,12.0
BL02405,CUST0420,2023-05-26,12.0
BL02406,CUST0420,2023-06-25,12.0
BL02407,CUST0420,2023-07-25,12.0
BL02408,CUST0420,2023-08-24,12.0
BL02409,CUST0420,2023-09-23,12.0
BL02410,CUST0420,2023-10-23,12.0
BL02411,CUST0420,2023-11-22,12.0
BL02412,CUST0420,2023-12-22,12.0
BL02413,CUST0420,2024-01-21,12.0
BL02414,CUST0420,2024-02-20,12.0
BL02415,CUST0420,2024-03-21,12.0
BL02416,CUST0420,2024-04-20,12.0
BL02417,CUST0420,2024-05-20,12.0
BL02418,CUST0420,2024-06-19,12.0
BL02419,CUST0422,2023-07-08,12.0
BL02420,CUST0422,2023-08-07,12.0
BL02421,CUST0422,2023-09-06,12.0
BL02422,CUST0422,2023-10-06,12.0
BL02423,CUST0422,2023-11-05,12.0
BL02424,CUST0422,2023-12-05,12.0
BL02425,CUST0422,2024-01-04,12.0
BL02426,CUST0422,2024-02-03,12.0
BL02427,CUST0422,2024-03-04,12.0
BL02428,CUST0422,2024-04-03,12.0
BL02429,CUST0422,2024-05-03,12.0
BL02430,CUST0422,2024-06-02,12.0
BL02431,CUST0424,2023-09-28,12.0
BL02432,CUST0424,2023-10-28,12.0
BL02433,CUST0424,2023-11-27,12.0
BL02434,CUST0424,2023-12-27,12.0
BL02435,CUST0424,2024-01-26,12.0
BL02436,CUST0424,2024-02-25,12.0
BL02437,CUST0424,2024-03-26,12.0
BL02438,CUST0424,2024-04-25,12.0
BL02439,CUST0424,2024-05-25,12.0
BL02440,CUST0424,2024-06-24,12.0
BL02441,CUST0425,2024-02-15,12.0
BL02442,CUST0425,2024-03-16,12.0
BL02443,CUST0425,2024-04-15,12.0
BL02444,CUST0425,2024-05-15,12.0
BL02445,CUST0425,2024-06-14,12.0
BL02446,CUST0426,2023-11-25,12.0
BL02447,CUST0426,2023-12-25,12.0
BL02448,CUST0426,2024-01-24,12.0
BL02449,CUST0426,2024-02-23,12.0
BL02450,CUST0426,2024-03-24,12.0
BL02451,CUST0426,2024-04-23,12.0
BL02452,CUST0426,2024-05-23,12.0
BL02453,CUST0426,2024-06-22,12.0
BL02454,CUST0428,2023-02-12,12.0
BL02455,CUST0428,2023-03-14,12.0
BL02456,CUST0428,2023-04-13,12.0
BL02457,CUST0428,2023-05-13,12.0
BL02458,CUST0428,2023-06-12,12.0
BL02459,CUST0428,2023-07-12,12.0
BL02460,CUST0428,2023-08-11,12.0
BL02461,CUST0428,2023-09-10,12.0
BL02462,CUST0428,2023-10-10,12.0
BL02463,CUST0428,2023-11-09,12.0
BL02464,CUST0428,2023-12-09,12.0
BL02465,CUST0429,2024-04-08,12.0
BL02466,CUST0429,2024-05-08,12.0
BL02467,CUST0429,2024-06-07,12.0
BL02468,CUST0430,2024-04-29,63.7
BL02469,CUST0430,2024-05-29,63.7
BL02470,CUST0430,2024-06-28,63.7
BL02471,CUST0432,2023-09-15,12.0
BL02472,CUST0432,2023-10-15,12.0
BL02473,CUST0432,2023-11-14,12.0
BL02474,CUST0432,2023-12-14,12.0
BL02475,CUST0432,2024-01-13,12.0
BL02476,CUST0432,2024-02-12,12.0
BL02477,CUST0434,2024-03-05,12.0
BL02478,CUST0434,2024-04-04,12.0
BL02479,CUST0434,2024-05-04,12.0
BL02480,CUST0434,2024-06-03,12.0
BL02481,CUST0439,2024-04-26,12.0
BL02482,CUST0439,2024-05-26,12.0
BL02483,CUST0439,2024-06-25,12.0
BL02484,CUST0442,2023-02-26,49.0
BL02485,CUST0442,2023-03-28,49.0
BL02486,CUST0442,2023-04-27,49.0
BL02487,CUST0442,2023-05-27,49.0
BL02488,CUST0442,2023-06-26,49.0
BL02489,CUST0442,2023-07-26,49.0
BL02490,CUST0442,2023-08-25,49.0
BL02491,CUST0442,2023-09-24,63.7
BL02492,CUST0442,2023-10-24,63.7
BL02493,CUST0442,2023-11-23,63.7
BL02494,CUST0442,2023-12-23,63.7
BL02495,CUST0442,2024-01-22,63.7
BL02496,CUST0442,2024-02-21,63.7
BL02497,CUST0442,2024-03-22,63.7
BL02498,CUST0442,2024-04-21,63.7
BL02499,CUST0442,2024-05-21,63.7
BL02500,CUST0442,2024-06-20,63.7
BL02501,CUST0446,2023-12-07,12.0
BL02502,CUST0446,2024-01-06,12.0
BL02503,CUST0446,2024-02-05,12.0
BL02504,CUST0446,2024-03-06,12.0
BL02505,CUST0446,2024-04-05,12.0
BL02506,CUST0446,2024-05-05,12.0
BL02507,CUST0446,2024-06-04,12.0
BL02508,CUST0447,2023-09-27,12.0
BL02509,CUST0447,2023-10-27,12.0
BL02510,CUST0448,2024-03-23,12.0
BL02511,CUST0448,2024-04-22,12.0
BL02512,CUST0448,2024-05-22,12.0
BL02513,CUST0448,2024-06-21,12.0
BL02514,CUST0449,2023-05-10,12.0
BL02515,CUST0449,2023-06-09,12.0
BL02516,CUST0449,2023-07-09,12.0
BL02517,CUST0449,2023-08-08,12.0
BL02518,CUST0449,2023-09-07,12.0
BL02519,CUST0449,2023-10-07,12.0
BL02520,CUST0449,2023-11-06,12.0
BL02521,CUST0449,2023-12-06,12.0
BL02522,CUST0449,2024-01-05,12.0
BL02523,CUST0449,2024-02-04,12.0
BL02524,CUST0449,2024-03-05,12.0
BL02525,CUST0449,2024-04-04,12.0
BL02526,CUST0449,2024-05-04,12.0
BL02527,CUST0449,2024-06-03,12.0
BL02528,CUST0451,2024-01-12,12.0
BL02529,CUST0451,2024-02-11,12.0
BL02530,CUST0451,2024-03-12,12.0
BL02531,CUST0451,2024-04-11,12.0
BL02532,CUST0451,2024-05-11,12.0
BL02533,CUST0451,2024-06-10,12.0
BL02534,CUST0452,2023-06-30,12.0
BL02535,CUST0452,2023-07-30,12.0
BL02536,CUST0452,2023-08-29,12.0
BL02537,CUST0452,2023-09-28,12.0
BL02538,CUST0452,2023-10-28,12.0
BL02539,CUST0452,2023-11-27,12.0
BL02540,CUST0453,2023-08-26,49.0
BL02541,CUST0453,2023-09-25,63.7
BL02542,CUST0453,2023-10-25,63.7
BL02543,CUST0453,2023-11-24,63.7
BL02544,CUST0453,2023-12-24,63.7
BL02545,CUST0453,2024-01-23,63.7
BL02546,CUST0453,2024-02-22,63.7
BL02547,CUST0453,2024-03-23,63.7
BL02548,CUST0453,2024-04-22,63.7
BL02549,CUST0453,2024-05-22,63.7
BL02550,CUST0453,2024-06-21,63.7
BL02551,CUST0454,2023-04-04,49.0
BL02552,CUST0454,2023-05-04,49.0
BL02553,CUST0454,2023-06-03,49.0
BL02554,CUST0454,2023-07-03,49.0
BL02555,CUST0454,2023-08-02,49.0
BL02556,CUST0454,2023-09-01,63.7
BL02557,CUST0454,2023-10-01,63.7
BL02558,CUST0454,2023-10-31,63.7
BL02559,CUST0454,2023-11-30,63.7
BL02560,CUST0454,2023-12-30,63.7
BL02561,CUST0455,2024-02-02,63.7
BL02562,CUST0455,2024-03-03,63.7
BL02563,CUST0455,2024-04-02,63.7
BL02564,CUST0455,2024-05-02,63.7
BL02565,CUST0455,2024-06-01,63.7
BL02566,CUST0457,2023-06-11,49.0
BL02567,CUST0457,2023-07-11,49.0
BL02568,CUST0457,2023-08-10,49.0
BL02569,CUST0457,2023-09-09,63.7
BL02570,CUST0457,2023-10-09,63.7
BL02571,CUST0457,2023-11-08,63.7
BL02572,CUST0457,2023-12-08,63.7
BL02573,CUST0457,2024-01-07,63.7
BL02574,CUST0457,2024-02-06,63.7
BL02575,CUST0457,2024-03-07,63.7
BL02576,CUST0457,2024-04-06,63.7
BL02577,CUST0457,2024-05-06,63.7
BL02578,CUST0457,2024-06-05,63.7
BL02579,CUST0459,2023-07-02,49.0
BL02580,CUST0459,2023-08-01,49.0
BL02581,CUST0459,2023-08-31,49.0
BL02582,CUST0459,2023-09-30,63.7
BL02583,CUST0459,2023-10-30,63.7
BL02584,CUST0459,2023-11-29,63.7
BL02585,CUST0459,2023-12-29,63.7
BL02586,CUST0459,2024-01-28,63.7
BL02587,CUST0459,2024-02-27,63.7
BL02588,CUST0459,2024-03-28,63.7
BL02589,CUST0459,2024-04-27,63.7
BL02590,CUST0459,2024-05-27,63.7
BL02591,CUST0459,2024-06-26,63.7
BL02592,CUST0461,2024-03-31,12.0
BL02593,CUST0461,2024-04-30,12.0
BL02594,CUST0461,2024-05-30,12.0
BL02595,CUST0461,2024-06-29,12.0
BL02596,CUST0462,2023-06-23,49.0
BL02597,CUST0462,2023-07-23,49.0
BL02598,CUST0462,2023-08-22,49.0
BL02599,CUST0462,2023-09-21,63.7
BL02600,CUST0462,2023-10-21,63.7
BL02601,CUST0462,2023-11-20,63.7
BL02602,CUST0462,2023-12-20,63.7
BL02603,CUST0462,2024-01-19,63.7
BL02604,CUST0462,2024-02-18,63.7
BL02605,CUST0462,2024-03-19,63.7
BL02606,CUST0462,2024-04-18,63.7
BL02607,CUST0463,2023-09-12,12.0
BL02608,CUST0463,2023-10-12,12.0
BL02609,CUST0463,2023-11-11,12.0
BL02610,CUST0463,2023-12-11,12.0
BL02611,CUST0463,2024-01-10,12.0
BL02612,CUST0463,2024-02-09,12.0
BL02613,CUST0464,2024-01-08,12.0
BL02614,CUST0464,2024-02-07,12.0
BL02615,CUST0464,2024-03-08,12.0
BL02616,CUST0464,2024-04-07,12.0
BL02617,CUST0464,2024-05-07,12.0
BL02618,CUST0464,2024-06-06,12.0
BL02619,CUST0467,2023-08-17,12.0
BL02620,CUST0467,2023-09-16,12.0
BL02621,CUST0467,2023-10-16,12.0
BL02622,CUST0467,2023-11-15,12.0
BL02623,CUST0467,2023-12-15,12.0
BL02624,CUST0467,2024-01-14,12.0
BL02625,CUST0467,2024-02-13,12.0
BL02626,CUST0467,2024-03-14,12.0
BL02627,CUST0467,2024-04-13,12.0
BL02628,CUST0467,2024-05-13,12.0
BL02629,CUST0467,2024-06-12,12.0
BL02630,CUST0468,2023-12-20,12.0
BL02631,CUST0468,2024-01-19,12.0
BL02632,CUST0468,2024-02-18,12.0
BL02633,CUST0468,2024-03-19,12.0
BL02634,CUST0468,2024-04-18,12.0
BL02635,CUST0468,2024-05-18,12.0
BL02636,CUST0468,2024-06-17,12.0
BL02637,CUST0469,2024-01-08,63.7
BL02638,CUST0469,2024-02-07,63.7
BL02639,CUST0469,2024-03-08,63.7
BL02640,CUST0469,2024-04-07,63.7
BL02641,CUST0469,2024-05-07,63.7
BL02642,CUST0469,2024-06-06,63.7
BL02643,CUST0471,2023-12-10,12.0
BL02644,CUST0471,2024-01-09,12.0
BL02645,CUST0471,2024-02-08,12.0
BL02646,CUST0471,2024-03-09,12.0
BL02647,CUST0471,2024-04-08,12.0
BL02648,CUST0471,2024-05-08,12.0
BL02649,CUST0471,2024-06-07,12.0
BL02650,CUST0472,2024-02-15,12.0
BL02651,CUST0472,2024-03-16,12.0
BL02652,CUST0472,2024-04-15,12.0
BL02653,CUST0472,2024-05-15,12.0
BL02654,CUST0472,2024-06-14,12.0
BL02655,CUST0473,2023-03-15,49.0
BL02656,CUST0473,2023-04-14,49.0
BL02657,CUST0473,2023-05-14,49.0
BL02658,CUST0473,2023-06-13,49.0
BL02659,CUST0473,2023-07-13,49.0
BL02660,CUST0473,2023-08-12,49.0
BL02661,CUST0473,2023-09-11,63.7
BL02662,CUST0473,2023-10-11,63.7
BL02663,CUST0473,2023-11-10,63.7
BL02664,CUST0473,2023-12-10,63.7
BL02665,CUST0473,2024-01-09,63.7
BL02666,CUST0473,2024-02-08,63.7
BL02667,CUST0473,2024-03-09,63.7
BL02668,CUST0473,2024-04-08,63.7
BL02669,CUST0473,2024-05-08,63.7
BL02670,CUST0473,2024-06-07,63.7
BL02671,CUST0475,2023-07-16,49.0
BL02672,CUST0475,2023-08-15,49.0
BL02673,CUST0475,2023-09-14,63.7
BL02674,CUST0475,2023-10-14,63.7
BL02675,CUST0475,2023-11-13,63.7
BL02676,CUST0475,2023-12-13,63.7
BL02677,CUST0475,2024-01-12,63.7
BL02678,CUST0475,2024-02-11,63.7
BL02679,CUST0475,2024-03-12,63.7
BL02680,CUST0475,2024-04-11,63.7
BL02681,CUST0475,2024-05-11,63.7
BL02682,CUST0476,2023-03-20,12.0
BL02683,CUST0476,2023-04-19,12.0
BL02684,CUST0476,2023-05-19,12.0
BL02685,CUST0476,2023-06-18,12.0
BL02686,CUST0476,2023-07-18,12.0
BL02687,CUST0476,2023-08-17,12.0
BL02688,CUST0476,2023-09-16,12.0
BL02689,CUST0476,2023-10-16,12.0
BL02690,CUST0476,2023-11-15,12.0
BL02691,CUST0476,2023-12-15,12.0
BL02692,CUST0476,2024-01-14,12.0
BL02693,CUST0476,2024-02-13,12.0
BL02694,CUST0476,2024-03-14,12.0
BL02695,CUST0476,2024-04-13,12.0
BL02696,CUST0476,2024-05-13,12.0
BL02697,CUST0476,2024-06-12,12.0
BL02698,CUST0477,2023-08-16,12.0
BL02699,CUST0477,2023-09-15,12.0
BL02700,CUST0477,2023-10-15,12.0
BL02701,CUST0477,2023-11-14,12.0
BL02702,CUST0477,2023-12-14,12.0
BL02703,CUST0477,2024-01-13,12.0
BL02704,CUST0477,2024-02-12,12.0
BL02705,CUST0477,2024-03-13,12.0
BL02706,CUST0477,2024-04-12,12.0
BL02707,CUST0477,2024-05-12,12.0
BL02708,CUST0477,2024-06-11,12.0
BL02709,CUST0478,2023-07-07,12.0
BL02710,CUST0478,2023-08-06,12.0
BL02711,CUST0478,2023-09-05,12.0
BL02712,CUST0478,2023-10-05,12.0
BL02713,CUST0478,2023-11-04,12.0
BL02714,CUST0478,2023-12-04,12.0
BL02715,CUST0478,2024-01-03,12.0
BL02716,CUST0478,2024-02-02,12.0
BL02717,CUST0478,2024-03-03,12.0
BL02718,CUST0478,2024-04-02,12.0
BL02719,CUST0478,2024-05-02,12.0
BL02720,CUST0478,2024-06-01,12.0
BL02721,CUST0480,2023-09-23,12.0
BL02722,CUST0480,2023-10-23,12.0
BL02723,CUST0480,2023-11-22,12.0
BL02724,CUST0480,2023-12-22,12.0
BL02725,CUST0480,2024-01-21,12.0
BL02726,CUST0480,2024-02-20,12.0
BL02727,CUST0480,2024-03-21,12.0
BL02728,CUST0480,2024-04-20,12.0
BL02729,CUST0480,2024-05-20,12.0
BL02730,CUST0480,2024-06-19,12.0
BL02731,CUST0484,2023-03-30,49.0
BL02732,CUST0484,2023-04-29,49.0
BL02733,CUST0484,2023-05-29,49.0
BL02734,CUST0484,2023-06-28,49.0
BL02735,CUST0484,2023-07-28,49.0
BL02736,CUST0484,2023-08-27,49.0
BL02737,CUST0484,2023-09-26,63.7
BL02738,CUST0484,2023-10-26,63.7
BL02739,CUST0484,2023-11-25,63.7
BL02740,CUST0484,2023-12-25,63.7
BL02741,CUST0484,2024-01-24,63.7
BL02742,CUST0484,2024-02-23,63.7
BL02743,CUST0484,2024-03-24,63.7
BL02744,CUST0484,2024-04-23,63.7
BL02745,CUST0484,2024-05-23,63.7
BL02746,CUST0484,2024-06-22,63.7
BL02747,CUST0485,2024-02-19,12.0
BL02748,CUST0485,2024-03-20,12.0
BL02749,CUST0485,2024-04-19,12.0
BL02750,CUST0485,2024-05-19,12.0
BL02751,CUST0485,2024-06-18,12.0
BL02752,CUST0486,2023-06-27,12.0
BL02753,CUST0486,2023-07-27,12.0
BL02754,CUST0486,2023-08-26,12.0
BL02755,CUST0486,2023-09-25,12.0
BL02756,CUST0486,2023-10-25,12.0
BL02757,CUST0486,2023-11-24,12.0
BL02758,CUST0486,2023-12-24,12.0
BL02759,CUST0486,2024-01-23,12.0
BL02760,CUST0486,2024-02-22,12.0
BL02761,CUST0486,2024-03-23,12.0
BL02762,CUST0486,2024-04-22,12.0
BL02763,CUST0486,2024-05-22,12.0
BL02764,CUST0486,2024-06-21,12.0
BL02765,CUST0489,2023-05-02,12.0
BL02766,CUST0489,2023-06-01,12.0
BL02767,CUST0489,2023-07-01,12.0
BL02768,CUST0489,2023-07-31,12.0
BL02769,CUST0489,2023-08-30,12.0
BL02770,CUST0489,2023-09-29,12.0
BL02771,CUST0489,2023-10-29,12.0
BL02772,CUST0489,2023-11-28,12.0
BL02773,CUST0489,2023-12-28,12.0
BL02774,CUST0489,2024-01-27,12.0
BL02775,CUST0489,2024-02-26,12.0
BL02776,CUST0490,2023-10-11,12.0
BL02777,CUST0490,2023-11-10,12.0
BL02778,CUST0490,2023-12-10,12.0
BL02779,CUST0490,2024-01-09,12.0
BL02780,CUST0490,2024-02-08,12.0
BL02781,CUST0490,2024-03-09,12.0
BL02782,CUST0490,2024-04-08,12.0
BL02783,CUST0490,2024-05-08,12.0
BL02784,CUST0490,2024-06-07,12.0
BL02785,CUST0491,2023-03-08,12.0
BL02786,CUST0491,2023-04-07,12.0
BL02787,CUST0491,2023-05-07,12.0
BL02788,CUST0491,2023-06-06,12.0
BL02789,CUST0491,2023-07-06,12.0
BL02790,CUST0491,2023-08-05,12.0
BL02791,CUST0491,2023-09-04,12.0
BL02792,CUST0491,2023-10-04,12.0
BL02793,CUST0491,2023-11-03,12.0
BL02794,CUST0491,2023-12-03,12.0
BL02795,CUST0491,2024-01-02,12.0
BL02796,CUST0491,2024-02-01,12.0
BL02797,CUST0492,2023-06-08,12.0
BL02798,CUST0492,2023-07-08,12.0
BL02799,CUST0492,2023-08-07,12.0
BL02800,CUST0492,2023-09-06,12.0
BL02801,CUST0492,2023-10-06,12.0
BL02802,CUST0492,2023-11-05,12.0
BL02803,CUST0492,2023-12-05,12.0
BL02804,CUST0492,2024-01-04,12.0
BL02805,CUST0492,2024-02-03,12.0
BL02806,CUST0492,2024-03-04,12.0
BL02807,CUST0492,2024-04-03,12.0
BL02808,CUST0492,2024-05-03,12.0
BL02809,CUST0492,2024-06-02,12.0
BL02810,CUST0493,2023-07-30,12.0
BL02811,CUST0493,2023-08-29,12.0
BL02812,CUST0493,2023-09-28,12.0
BL02813,CUST0493,2023-10-28,12.0
BL02814,CUST0493,2023-11-27,12.0
BL02815,CUST0493,2023-12-27,12.0
BL02816,CUST0493,2024-01-26,12.0
BL02817,CUST0493,2024-02-25,12.0
BL02818,CUST0493,2024-03-26,12.0
BL02819,CUST0493,2024-04-25,12.0
BL02820,CUST0494,2023-06-12,12.0
BL02821,CUST0494,2023-07-12,12.0
BL02822,CUST0494,2023-08-11,12.0
BL02823,CUST0494,2023-09-10,12.0
BL02824,CUST0494,2023-10-10,12.0
BL02825,CUST0494,2023-11-09,12.0
BL02826,CUST0494,2023-12-09,12.0
BL02827,CUST0494,2024-01-08,12.0
BL02828,CUST0494,2024-02-07,12.0
BL02829,CUST0494,2024-03-08,12.0
BL02830,CUST0494,2024-04-07,12.0
BL02831,CUST0494,2024-05-07,12.0
BL02832,CUST0494,2024-06-06,12.0
BL02833,CUST0495,2023-12-15,12.0
BL02834,CUST0495,2024-01-14,12.0
BL02835,CUST0495,2024-02-13,12.0
BL02836,CUST0495,2024-03-14,12.0
BL02837,CUST0495,2024-04-13,12.0
BL02838,CUST0495,2024-05-13,12.0
BL02839,CUST0495,2024-06-12,12.0
BL02840,CUST0496,2023-11-24,12.0
BL02841,CUST0496,2023-12-24,12.0
BL02842,CUST0496,2024-01-23,12.0
BL02843,CUST0496,2024-02-22,12.0
BL02844,CUST0496,2024-03-23,12.0
BL02845,CUST0496,2024-04-22,12.0
BL02846,CUST0496,2024-05-22,12.0
BL02847,CUST0496,2024-06-21,12.0
BL02848,CUST0497,2023-09-15,63.7
BL02849,CUST0497,2023-10-15,63.7
BL02850,CUST0497,2023-11-14,63.7
BL02851,CUST0497,2023-12-14,63.7
BL02852,CUST0497,2024-01-13,63.7
BL02853,CUST0497,2024-02-12,63.7
BL02854,CUST0497,2024-03-13,63.7
BL02855,CUST0497,2024-04-12,63.7
BL02856,CUST0497,2024-05-12,63.7
BL02857,CUST0497,2024-06-11,63.7
BL02858,CUST0499,2023-06-15,49.0
BL02859,CUST0499,2023-07-15,49.0
BL02860,CUST0499,2023-08-14,49.0
BL02861,CUST0499,2023-09-13,63.7
BL02862,CUST0499,2023-10-13,63.7
BL02863,CUST0499,2023-11-12,63.7
BL02864,CUST0499,2023-12-12,63.7
BL02865,CUST0499,2024-01-11,63.7
BL02866,CUST0499,2024-02-10,63.7
BL02867,CUST0499,2024-03-11,63.7
BL02868,CUST0499,2024-04-10,63.7
BL02869,CUST0499,2024-05-10,63.7
BL02870,CUST0499,2024-06-09,63.7
BL02871,CUST0500,2024-04-30,63.7
BL02872,CUST0500,2024-05-30,63.7
BL02873,CUST0500,2024-06-29,63.7
BL02874,CUST0504,2023-12-04,12.0
BL02875,CUST0504,2024-01-03,12.0
BL02876,CUST0504,2024-02-02,12.0
BL02877,CUST0504,2024-03-03,12.0
BL02878,CUST0504,2024-04-02,12.0
BL02879,CUST0504,2024-05-02,12.0
BL02880,CUST0504,2024-06-01,12.0
BL02881,CUST0505,2023-01-22,49.0
BL02882,CUST0505,2023-02-21,49.0
BL02883,CUST0505,2023-03-23,49.0
BL02884,CUST0505,2023-04-22,49.0
BL02885,CUST0505,2023-05-22,49.0
BL02886,CUST0505,2023-06-21,49.0
BL02887,CUST0505,2023-07-21,49.0
BL02888,CUST0505,2023-08-20,49.0
BL02889,CUST0505,2023-09-19,63.7
BL02890,CUST0505,2023-10-19,63.7
BL02891,CUST0505,2023-11-18,63.7
BL02892,CUST0505,2023-12-18,63.7
BL02893,CUST0505,2024-01-17,63.7
BL02894,CUST0505,2024-02-16,63.7
BL02895,CUST0505,2024-03-17,63.7
BL02896,CUST0505,2024-04-16,63.7
BL02897,CUST0505,2024-05-16,63.7
BL02898,CUST0505,2024-06-15,63.7
BL02899,CUST0506,2023-01-24,49.0
BL02900,CUST0506,2023-02-23,49.0
BL02901,CUST0506,2023-03-25,49.0
BL02902,CUST0506,2023-04-24,49.0
BL02903,CUST0506,2023-05-24,49.0
BL02904,CUST0506,2023-06-23,49.0
BL02905,CUST0506,2023-07-23,49.0
BL02906,CUST0506,2023-08-22,49.0
BL02907,CUST0506,2023-09-21,63.7
BL02908,CUST0506,2023-10-21,63.7
BL02909,CUST0506,2023-11-20,63.7
BL02910,CUST0506,2023-12-20,63.7
BL02911,CUST0506,2024-01-19,63.7
BL02912,CUST0506,2024-02-18,63.7
BL02913,CUST0506,2024-03-19,63.7
BL02914,CUST0506,2024-04-18,63.7
BL02915,CUST0506,2024-05-18,63.7
BL02916,CUST0506,2024-06-17,63.7
BL02917,CUST0507,2023-04-18,12.0
BL02918,CUST0507,2023-05-18,12.0
BL02919,CUST0507,2023-06-17,12.0
BL02920,CUST0507,2023-07-17,12.0
BL02921,CUST0507,2023-08-16,12.0
BL02922,CUST0507,2023-09-15,12.0
BL02923,CUST0507,2023-10-15,12.0
BL02924,CUST0507,2023-11-14,12.0
BL02925,CUST0507,2023-12-14,12.0
BL02926,CUST0507,2024-01-13,12.0
BL02927,CUST0507,2024-02-12,12.0
BL02928,CUST0507,2024-03-13,12.0
BL02929,CUST0507,2024-04-12,12.0
BL02930,CUST0507,2024-05-12,12.0
BL02931,CUST0507,2024-06-11,12.0
BL02932,CUST0509,2023-06-04,12.0
BL02933,CUST0509,2023-07-04,12.0
BL02934,CUST0509,2023-08-03,12.0
BL02935,CUST0509,2023-09-02,12.0
BL02936,CUST0509,2023-10-02,12.0
BL02937,CUST0509,2023-11-01,12.0
BL02938,CUST0509,2023-12-01,12.0
BL02939,CUST0511,2023-08-14,12.0
BL02940,CUST0511,2023-09-13,12.0
BL02941,CUST0511,2023-10-13,12.0
BL02942,CUST0511,2023-11-12,12.0
BL02943,CUST0511,2023-12-12,12.0
BL02944,CUST0511,2024-01-11,12.0
BL02945,CUST0511,2024-02-10,12.0
BL02946,CUST0511,2024-03-11,12.0
BL02947,CUST0511,2024-04-10,12.0
BL02948,CUST0511,2024-05-10,12.0
BL02949,CUST0511,2024-06-09,12.0
BL02950,CUST0512,2023-06-24,12.0
BL02951,CUST0512,2023-07-24,12.0
BL02952,CUST0512,2023-08-23,12.0
BL02953,CUST0512,2023-09-22,12.0
BL02954,CUST0513,2023-06-13,12.0
BL02955,CUST0513,2023-07-13,12.0
BL02956,CUST0513,2023-08-12,12.0
BL02957,CUST0513,2023-09-11,12.0
BL02958,CUST0513,2023-10-11,12.0
BL02959,CUST0513,2023-11-10,12.0
BL02960,CUST0513,2023-12-10,12.0
BL02961,CUST0513,2024-01-09,12.0
BL02962,CUST0513,2024-02-08,12.0
BL02963,CUST0513,2024-03-09,12.0
BL02964,CUST0513,2024-04-08,12.0
BL02965,CUST0513,2024-05-08,12.0
BL02966,CUST0513,2024-06-07,12.0
BL02967,CUST0514,2023-03-08,12.0
BL02968,CUST0514,2023-04-07,12.0
BL02969,CUST0515,2023-05-04,12.0
BL02970,CUST0515,2023-06-03,12.0
BL02971,CUST0515,2023-07-03,12.0
BL02972,CUST0515,2023-08-02,12.0
BL02973,CUST0515,2023-09-01,12.0
BL02974,CUST0515,2023-10-01,12.0
BL02975,CUST0515,2023-10-31,12.0
BL02976,CUST0515,2023-11-30,12.0
BL02977,CUST0515,2023-12-30,12.0
BL02978,CUST0515,2024-01-29,12.0
BL02979,CUST0515,2024-02-28,12.0
BL02980,CUST0515,2024-03-29,12.0
BL02981,CUST0515,2024-04-28,12.0
BL02982,CUST0515,2024-05-28,12.0
BL02983,CUST0515,2024-06-27,12.0
BL02984,CUST0517,2024-04-29,12.0
BL02985,CUST0517,2024-05-29,12.0
BL02986,CUST0517,2024-06-28,12.0
BL02987,CUST0518,2024-03-19,63.7
BL02988,CUST0518,2024-04-18,63.7
BL02989,CUST0518,2024-05-18,63.7
BL02990,CUST0518,2024-06-17,63.7
BL02991,CUST0520,2023-09-21,12.0
BL02992,CUST0520,2023-10-21,12.0
BL02993,CUST0520,2023-11-20,12.0
BL02994,CUST0520,2023-12-20,12.0
BL02995,CUST0520,2024-01-19,12.0
BL02996,CUST0520,2024-02-18,12.0
BL02997,CUST0520,2024-03-19,12.0
BL02998,CUST0520,2024-04-18,12.0
BL02999,CUST0520,2024-05-18,12.0
BL03000,CUST0520,2024-06-17,12.0
BL03001,CUST0522,2023-08-23,49.0
BL03002,CUST0522,2023-09-22,63.7
BL03003,CUST0522,2023-10-22,63.7
BL03004,CUST0522,2023-11-21,63.7
BL03005,CUST0522,2023-12-21,63.7
BL03006,CUST0522,2024-01-20,63.7
BL03007,CUST0522,2024-02-19,63.7
BL03008,CUST0522,2024-03-20,63.7
BL03009,CUST0522,2024-04-19,63.7
BL03010,CUST0522,2024-05-19,63.7
BL03011,CUST0522,2024-06-18,63.7
BL03012,CUST0524,2023-11-02,63.7
BL03013,CUST0524,2023-12-02,63.7
BL03014,CUST0524,2024-01-01,63.7
BL03015,CUST0524,2024-01-31,63.7
BL03016,CUST0524,2024-03-01,63.7
BL03017,CUST0524,2024-03-31,63.7
BL03018,CUST0524,2024-04-30,63.7
BL03019,CUST0524,2024-05-30,63.7
BL03020,CUST0524,2024-06-29,63.7
BL03021,CUST0526,2023-03-10,49.0
BL03022,CUST0526,2023-04-09,49.0
BL03023,CUST0526,2023-05-09,49.0
BL03024,CUST0526,2023-06-08,49.0
BL03025,CUST0526,2023-07-08,49.0
BL03026,CUST0526,2023-08-07,49.0
BL03027,CUST0526,2023-09-06,63.7
BL03028,CUST0526,2023-10-06,63.7
BL03029,CUST0526,2023-11-05,63.7
BL03030,CUST0526,2023-12-05,63.7
BL03031,CUST0526,2024-01-04,63.7
BL03032,CUST0529,2023-07-17,12.0
BL03033,CUST0529,2023-08-16,12.0
BL03034,CUST0529,2023-09-15,12.0
BL03035,CUST0529,2023-10-15,12.0
BL03036,CUST0529,2023-11-14,12.0
BL03037,CUST0529,2023-12-14,12.0
BL03038,CUST0529,2024-01-13,12.0
BL03039,CUST0529,2024-02-12,12.0
BL03040,CUST0529,2024-03-13,12.0
BL03041,CUST0529,2024-04-12,12.0
BL03042,CUST0529,2024-05-12,12.0
BL03043,CUST0529,2024-06-11,12.0
BL03044,CUST0530,2023-12-15,12.0
BL03045,CUST0530,2024-01-14,12.0
BL03046,CUST0530,2024-02-13,12.0
BL03047,CUST0530,2024-03-14,12.0
BL03048,CUST0530,2024-04-13,12.0
BL03049,CUST0530,2024-05-13,12.0
BL03050,CUST0530,2024-06-12,12.0
BL03051,CUST0531,2023-07-21,12.0
BL03052,CUST0531,2023-08-20,12.0
BL03053,CUST0531,2023-09-19,12.0
BL03054,CUST0531,2023-10-19,12.0
BL03055,CUST0531,2023-11-18,12.0
BL03056,CUST0531,2023-12-18,12.0
BL03057,CUST0531,2024-01-17,12.0
BL03058,CUST0531,2024-02-16,12.0
BL03059,CUST0531,2024-03-17,12.0
BL03060,CUST0531,2024-04-16,12.0
BL03061,CUST0531,2024-05-16,12.0
BL03062,CUST0531,2024-06-15,12.0
BL03063,CUST0532,2024-04-25,12.0
BL03064,CUST0532,2024-05-25,12.0
BL03065,CUST0533,2023-11-05,12.0
BL03066,CUST0535,2023-09-23,12.0
BL03067,CUST0535,2023-10-23,12.0
BL03068,CUST0535,2023-11-22,12.0
BL03069,CUST0535,2023-12-22,12.0
BL03070,CUST0535,2024-01-21,12.0
BL03071,CUST0535,2024-02-20,12.0
BL03072,CUST0535,2024-03-21,12.0
BL03073,CUST0535,2024-04-20,12.0
BL03074,CUST0536,2024-04-21,12.0
BL03075,CUST0536,2024-05-21,12.0
BL03076,CUST0536,2024-06-20,12.0
BL03077,CUST0537,2023-11-12,12.0
BL03078,CUST0537,2023-12-12,12.0
BL03079,CUST0537,2024-01-11,12.0
BL03080,CUST0537,2024-02-10,12.0
BL03081,CUST0537,2024-03-11,12.0
BL03082,CUST0537,2024-04-10,12.0
BL03083,CUST0537,2024-05-10,12.0
BL03084,CUST0537,2024-06-09,12.0
BL03085,CUST0538,2023-06-22,12.0
BL03086,CUST0538,2023-07-22,12.0
BL03087,CUST0538,2023-08-21,12.0
BL03088,CUST0538,2023-09-20,12.0
BL03089,CUST0538,2023-10-20,12.0
BL03090,CUST0538,2023-11-19,12.0
BL03091,CUST0538,2023-12-19,12.0
BL03092,CUST0538,2024-01-18,12.0
BL03093,CUST0538,2024-02-17,12.0
BL03094,CUST0538,2024-03-18,12.0
BL03095,CUST0538,2024-04-17,12.0
BL03096,CUST0538,2024-05-17,12.0
BL03097,CUST0538,2024-06-16,12.0
BL03098,CUST0540,2023-06-19,12.0
BL03099,CUST0540,2023-07-19,12.0
BL03100,CUST0541,2023-06-07,12.0
BL03101,CUST0541,2023-07-07,12.0
BL03102,CUST0541,2023-08-06,12.0
BL03103,CUST0541,2023-09-05,12.0
BL03104,CUST0541,2023-10-05,12.0
BL03105,CUST0541,2023-11-04,12.0
BL03106,CUST0541,2023-12-04,12.0
BL03107,CUST0541,2024-01-03,12.0
BL03108,CUST0541,2024-02-02,12.0
BL03109,CUST0541,2024-03-03,12.0
BL03110,CUST0541,2024-04-02,12.0
BL03111,CUST0541,2024-05-02,12.0
BL03112,CUST0541,2024-06-01,12.0
BL03113,CUST0543,2023-01-27,12.0
BL03114,CUST0543,2023-02-26,12.0
BL03115,CUST0543,2023-03-28,12.0
BL03116,CUST0543,2023-04-27,12.0
BL03117,CUST0543,2023-05-27,12.0
BL03118,CUST0543,2023-06-26,12.0
BL03119,CUST0543,2023-07-26,12.0
BL03120,CUST0543,2023-08-25,12.0
BL03121,CUST0543,2023-09-24,12.0
BL03122,CUST0543,2023-10-24,12.0
BL03123,CUST0543,2023-11-23,12.0
BL03124,CUST0543,2023-12-23,12.0
BL03125,CUST0543,2024-01-22,12.0
BL03126,CUST0543,2024-02-21,12.0
BL03127,CUST0543,2024-03-22,12.0
BL03128,CUST0543,2024-04-21,12.0
BL03129,CUST0543,2024-05-21,12.0
BL03130,CUST0543,2024-06-20,12.0
BL03131,CUST0544,2023-11-19,12.0
BL03132,CUST0544,2023-12-19,12.0
BL03133,CUST0544,2024-01-18,12.0
BL03134,CUST0544,2024-02-17,12.0
BL03135,CUST0544,2024-03-18,12.0
BL03136,CUST0544,2024-04-17,12.0
BL03137,CUST0544,2024-05-17,12.0
BL03138,CUST0544,2024-06-16,12.0
BL03139,CUST0545,2024-02-25,12.0
BL03140,CUST0545,2024-03-26,12.0
BL03141,CUST0545,2024-04-25,12.0
BL03142,CUST0545,2024-05-25,12.0
BL03143,CUST0545,2024-06-24,12.0
BL03144,CUST0546,2024-04-30,12.0
BL03145,CUST0546,2024-05-30,12.0
BL03146,CUST0546,2024-06-29,12.0
BL03147,CUST0550,2023-04-17,12.0
BL03148,CUST0550,2023-05-17,12.0
BL03149,CUST0550,2023-06-16,12.0
BL03150,CUST0550,2023-07-16,12.0
BL03151,CUST0550,2023-08-15,12.0
BL03152,CUST0550,2023-09-14,12.0
BL03153,CUST0550,2023-10-14,12.0
BL03154,CUST0550,2023-11-13,12.0
BL03155,CUST0550,2023-12-13,12.0
BL03156,CUST0550,2024-01-12,12.0
BL03157,CUST0550,2024-02-11,12.0
BL03158,CUST0550,2024-03-12,12.0
BL03159,CUST0550,2024-04-11,12.0
BL03160,CUST0550,2024-05-11,12.0
BL03161,CUST0550,2024-06-10,12.0
BL03162,CUST0552,2024-04-12,12.0
BL03163,CUST0552,2024-05-12,12.0
BL03164,CUST0552,2024-06-11,12.0
BL03165,CUST0553,2024-01-31,63.7
BL03166,CUST0553,2024-03-01,63.7
BL03167,CUST0553,2024-03-31,63.7
BL03168,CUST0553,2024-04-30,63.7
BL03169,CUST0553,2024-05-30,63.7
BL03170,CUST0553,2024-06-29,63.7
BL03171,CUST0558,2023-03-04,12.0
BL03172,CUST0558,2023-04-03,12.0
BL03173,CUST0558,2023-05-03,12.0
BL03174,CUST0558,2023-06-02,12.0
BL03175,CUST0558,2023-07-02,12.0
BL03176,CUST0558,2023-08-01,12.0
BL03177,CUST0558,2023-08-31,12.0
BL03178,CUST0558,2023-09-30,12.0
BL03179,CUST0558,2023-10-30,12.0
BL03180,CUST0558,2023-11-29,12.0
BL03181,CUST0558,2023-12-29,12.0
BL03182,CUST0558,2024-01-28,12.0
BL03183,CUST0558,2024-02-27,12.0
BL03184,CUST0558,2024-03-28,12.0
BL03185,CUST0558,2024-04-27,12.0
BL03186,CUST0558,2024-05-27,12.0
BL03187,CUST0558,2024-06-26,12.0
BL03188,CUST0561,2024-04-18,12.0
BL03189,CUST0561,2024-05-18,12.0
BL03190,CUST0561,2024-06-17,12.0
BL03191,CUST0564,2024-01-15,12.0
BL03192,CUST0564,2024-02-14,12.0
BL03193,CUST0564,2024-03-15,12.0
BL03194,CUST0564,2024-04-14,12.0
BL03195,CUST0564,2024-05-14,12.0
BL03196,CUST0564,2024-06-13,12.0
BL03197,CUST0565,2023-12-09,63.7
BL03198,CUST0565,2024-01-08,63.7
BL03199,CUST0565,2024-02-07,63.7
BL03200,CUST0565,2024-03-08,63.7
BL03201,CUST0565,2024-04-07,63.7
BL03202,CUST0565,2024-05-07,63.7
BL03203,CUST0565,2024-06-06,63.7
BL03204,CUST0567,2024-01-03,12.0
BL03205,CUST0567,2024-02-02,12.0
BL03206,CUST0567,2024-03-03,12.0
BL03207,CUST0567,2024-04-02,12.0
BL03208,CUST0567,2024-05-02,12.0
BL03209,CUST0567,2024-06-01,12.0
BL03210,CUST0568,2023-10-09,63.7
BL03211,CUST0568,2023-11-08,63.7
BL03212,CUST0568,2023-12-08,63.7
BL03213,CUST0568,2024-01-07,63.7
BL03214,CUST0568,2024-02-06,63.7
BL03215,CUST0568,2024-03-07,63.7
BL03216,CUST0568,2024-04-06,63.7
BL03217,CUST0568,2024-05-06,63.7
BL03218,CUST0568,2024-06-05,63.7
BL03219,CUST0569,2023-12-01,63.7
BL03220,CUST0569,2023-12-31,63.7
BL03221,CUST0569,2024-01-30,63.7
BL03222,CUST0569,2024-02-29,63.7
BL03223,CUST0569,2024-03-30,63.7
BL03224,CUST0569,2024-04-29,63.7
BL03225,CUST0569,2024-05-29,63.7
BL03226,CUST0569,2024-06-28,63.7
BL03227,CUST0571,2023-05-27,12.0
BL03228,CUST0571,2023-06-26,12.0
BL03229,CUST0571,2023-07-26,12.0
BL03230,CUST0571,2023-08-25,12.0
BL03231,CUST0571,2023-09-24,12.0
BL03232,CUST0571,2023-10-24,12.0
BL03233,CUST0571,2023-11-23,12.0
BL03234,CUST0571,2023-12-23,12.0
BL03235,CUST0571,2024-01-22,12.0
BL03236,CUST0571,2024-02-21,12.0
BL03237,CUST0571,2024-03-22,12.0
BL03238,CUST0571,2024-04-21,12.0
BL03239,CUST0571,2024-05-21,12.0
BL03240,CUST0571,2024-06-20,12.0
BL03241,CUST0573,2023-08-02,49.0
BL03242,CUST0573,2023-09-01,63.7
BL03243,CUST0573,2023-10-01,63.7
BL03244,CUST0573,2023-10-31,63.7
BL03245,CUST0573,2023-11-30,63.7
BL03246,CUST0573,2023-12-30,63.7
BL03247,CUST0573,2024-01-29,63.7
BL03248,CUST0573,2024-02-28,63.7
BL03249,CUST0573,2024-03-29,63.7
BL03250,CUST0573,2024-04-28,63.7
BL03251,CUST0573,2024-05-28,63.7
BL03252,CUST0573,2024-06-27,63.7
BL03253,CUST0574,2024-03-04,12.0
BL03254,CUST0574,2024-04-03,12.0
BL03255,CUST0574,2024-05-03,12.0
BL03256,CUST0574,2024-06-02,12.0
BL03257,CUST0575,2024-04-24,12.0
BL03258,CUST0575,2024-05-24,12.0
BL03259,CUST0575,2024-06-23,12.0
BL03260,CUST0577,2023-05-26,12.0
BL03261,CUST0577,2023-06-25,12.0
BL03262,CUST0577,2023-07-25,12.0
BL03263,CUST0577,2023-08-24,12.0
BL03264,CUST0577,2023-09-23,12.0
BL03265,CUST0577,2023-10-23,12.0
BL03266,CUST0577,2023-11-22,12.0
BL03267,CUST0577,2023-12-22,12.0
BL03268,CUST0578,2024-03-11,12.0
BL03269,CUST0578,2024-04-10,12.0
BL03270,CUST0578,2024-05-10,12.0
BL03271,CUST0578,2024-06-09,12.0
BL03272,CUST0580,2023-08-23,12.0
BL03273,CUST0580,2023-09-22,12.0
BL03274,CUST0580,2023-10-22,12.0
BL03275,CUST0580,2023-11-21,12.0
BL03276,CUST0580,2023-12-21,12.0
BL03277,CUST0580,2024-01-20,12.0
BL03278,CUST0580,2024-02-19,12.0
BL03279,CUST0580,2024-03-20,12.0
BL03280,CUST0580,2024-04-19,12.0
BL03281,CUST0580,2024-05-19,12.0
BL03282,CUST0580,2024-06-18,12.0
BL03283,CUST0582,2023-12-12,12.0
BL03284,CUST0582,2024-01-11,12.0
BL03285,CUST0582,2024-02-10,12.0
BL03286,CUST0582,2024-03-11,12.0
BL03287,CUST0582,2024-04-10,12.0
BL03288,CUST0582,2024-05-10,12.0
BL03289,CUST0582,2024-06-09,12.0
BL03290,CUST0583,2024-03-14,12.0
BL03291,CUST0583,2024-04-13,12.0
BL03292,CUST0583,2024-05-13,12.0
BL03293,CUST0583,2024-06-12,12.0
BL03294,CUST0586,2023-06-15,49.0
BL03295,CUST0586,2023-07-15,49.0
BL03296,CUST0586,2023-08-14,49.0
BL03297,CUST0586,2023-09-13,63.7
BL03298,CUST0586,2023-10-13,63.7
BL03299,CUST0586,2023-11-12,63.7
BL03300,CUST0586,2023-12-12,63.7
BL03301,CUST0586,2024-01-11,63.7
BL03302,CUST0586,2024-02-10,63.7
BL03303,CUST0586,2024-03-11,63.7
BL03304,CUST0586,2024-04-10,63.7
BL03305,CUST0586,2024-05-10,63.7
BL03306,CUST0586,2024-06-09,63.7
BL03307,CUST0588,2023-06-04,12.0
BL03308,CUST0588,2023-07-04,12.0
BL03309,CUST0588,2023-08-03,12.0
BL03310,CUST0588,2023-09-02,12.0
BL03311,CUST0588,2023-10-02,12.0
BL03312,CUST0588,2023-11-01,12.0
BL03313,CUST0588,2023-12-01,12.0
BL03314,CUST0588,2023-12-31,12.0
BL03315,CUST0588,2024-01-30,12.0
BL03316,CUST0588,2024-02-29,12.0
BL03317,CUST0588,2024-03-30,12.0
BL03318,CUST0588,2024-04-29,12.0
BL03319,CUST0588,2024-05-29,12.0
BL03320,CUST0588,2024-06-28,12.0
BL03321,CUST0589,2023-12-01,12.0
BL03322,CUST0589,2023-12-31,12.0
BL03323,CUST0589,2024-01-30,12.0
BL03324,CUST0589,2024-02-29,12.0
BL03325,CUST0591,2023-07-27,12.0
BL03326,CUST0591,2023-08-26,12.0
BL03327,CUST0591,2023-09-25,12.0
BL03328,CUST0591,2023-10-25,12.0
BL03329,CUST0591,2023-11-24,12.0
BL03330,CUST0591,2023-12-24,12.0
BL03331,CUST0591,2024-01-23,12.0
BL03332,CUST0591,2024-02-22,12.0
BL03333,CUST0591,2024-03-23,12.0
BL03334,CUST0591,2024-04-22,12.0
BL03335,CUST0591,2024-05-22,12.0
BL03336,CUST0591,2024-06-21,12.0
BL03337,CUST0592,2023-03-02,12.0
BL03338,CUST0592,2023-04-01,12.0
BL03339,CUST0592,2023-05-01,12.0
BL03340,CUST0592,2023-05-31,12.0
BL03341,CUST0594,2023-03-20,12.0
BL03342,CUST0594,2023-04-19,12.0
BL03343,CUST0594,2023-05-19,12.0
BL03344,CUST0594,2023-06-18,12.0
BL03345,CUST0594,2023-07-18,12.0
BL03346,CUST0594,2023-08-17,12.0
BL03347,CUST0594,2023-09-16,12.0
BL03348,CUST0594,2023-10-16,12.0
BL03349,CUST0594,2023-11-15,12.0
BL03350,CUST0594,2023-12-15,12.0
BL03351,CUST0594,2024-01-14,12.0
BL03352,CUST0594,2024-02-13,12.0
BL03353,CUST0594,2024-03-14,12.0
BL03354,CUST0594,2024-04-13,12.0
BL03355,CUST0594,2024-05-13,12.0
BL03356,CUST0594,2024-06-12,12.0
BL03357,CUST0595,2023-12-26,12.0
BL03358,CUST0595,2024-01-25,12.0
BL03359,CUST0595,2024-02-24,12.0
BL03360,CUST0595,2024-03-25,12.0
BL03361,CUST0595,2024-04-24,12.0
BL03362,CUST0595,2024-05-24,12.0
BL03363,CUST0595,2024-06-23,12.0
BL03364,CUST0596,2024-02-15,12.0
BL03365,CUST0596,2024-03-16,12.0
BL03366,CUST0596,2024-04-15,12.0
BL03367,CUST0596,2024-05-15,12.0
BL03368,CUST0596,2024-06-14,12.0
BL03369,CUST0597,2023-12-15,12.0
BL03370,CUST0597,2024-01-14,12.0
BL03371,CUST0597,2024-02-13,12.0
BL03372,CUST0597,2024-03-14,12.0
BL03373,CUST0597,2024-04-13,12.0
BL03374,CUST0597,2024-05-13,12.0
BL03375,CUST0597,2024-06-12,12.0
BL03376,CUST0598,2023-08-17,12.0
BL03377,CUST0598,2023-09-16,12.0
BL03378,CUST0598,2023-10-16,12.0
BL03379,CUST0598,2023-11-15,12.0
BL03380,CUST0598,2023-12-15,12.0
BL03381,CUST0598,2024-01-14,12.0
BL03382,CUST0598,2024-02-13,12.0
BL03383,CUST0598,2024-03-14,12.0
BL03384,CUST0598,2024-04-13,12.0
BL03385,CUST0598,2024-05-13,12.0
BL03386,CUST0598,2024-06-12,12.0
BL03387,CUST0599,2024-04-14,12.0
BL03388,CUST0599,2024-05-14,12.0
BL03389,CUST0599,2024-06-13,12.0
BL03390,CUST0600,2024-04-07,12.0
BL03391,CUST0600,2024-05-07,12.0
BL03392,CUST0600,2024-06-06,12.0
BL03393,CUST0601,2023-06-17,49.0
BL03394,CUST0601,2023-07-17,49.0
BL03395,CUST0601,2023-08-16,49.0
BL03396,CUST0601,2023-09-15,63.7
BL03397,CUST0601,2023-10-15,63.7
BL03398,CUST0601,2023-11-14,63.7
BL03399,CUST0601,2023-12-14,63.7
BL03400,CUST0601,2024-01-13,63.7
BL03401,CUST0601,2024-02-12,63.7
BL03402,CUST0601,2024-03-13,63.7
BL03403,CUST0601,2024-04-12,63.7
BL03404,CUST0601,2024-05-12,63.7
BL03405,CUST0601,2024-06-11,63.7
BL03406,CUST0603,2024-04-05,12.0
BL03407,CUST0603,2024-05-05,12.0
BL03408,CUST0603,2024-06-04,12.0
BL03409,CUST0604,2023-03-09,12.0
BL03410,CUST0605,2023-01-30,12.0
BL03411,CUST0605,2023-03-01,12.0
BL03412,CUST0605,2023-03-31,12.0
BL03413,CUST0605,2023-04-30,12.0
BL03414,CUST0605,2023-05-30,12.0
BL03415,CUST0605,2023-06-29,12.0
BL03416,CUST0605,2023-07-29,12.0
BL03417,CUST0605,2023-08-28,12.0
BL03418,CUST0605,2023-09-27,12.0
BL03419,CUST0605,2023-10-27,12.0
BL03420,CUST0605,2023-11-26,12.0
BL03421,CUST0605,2023-12-26,12.0
BL03422,CUST0605,2024-01-25,12.0
BL03423,CUST0605,2024-02-24,12.0
BL03424,CUST0605,2024-03-25,12.0
BL03425,CUST0605,2024-04-24,12.0
BL03426,CUST0605,2024-05-24,12.0
BL03427,CUST0605,2024-06-23,12.0
BL03428,CUST0606,2023-01-12,12.0
BL03429,CUST0606,2023-02-11,12.0
BL03430,CUST0606,2023-03-13,12.0
BL03431,CUST0606,2023-04-12,12.0
BL03432,CUST0606,2023-05-12,12.0
BL03433,CUST0606,2023-06-11,12.0
BL03434,CUST0606,2023-07-11,12.0
BL03435,CUST0606,2023-08-10,12.0
BL03436,CUST0606,2023-09-09,12.0
BL03437,CUST0606,2023-10-09,12.0
BL03438,CUST0606,2023-11-08,12.0
BL03439,CUST0606,2023-12-08,12.0
BL03440,CUST0606,2024-01-07,12.0
BL03441,CUST0606,2024-02-06,12.0
BL03442,CUST0606,2024-03-07,12.0
BL03443,CUST0606,2024-04-06,12.0
BL03444,CUST0606,2024-05-06,12.0
BL03445,CUST0606,2024-06-05,12.0
BL03446,CUST0607,2023-04-22,12.0
BL03447,CUST0607,2023-05-22,12.0
BL03448,CUST0607,2023-06-21,12.0
BL03449,CUST0607,2023-07-21,12.0
BL03450,CUST0607,2023-08-20,12.0
BL03451,CUST0607,2023-09-19,12.0
BL03452,CUST0607,2023-10-19,12.0
BL03453,CUST0607,2023-11-18,12.0
BL03454,CUST0608,2023-06-26,12.0
BL03455,CUST0608,2023-07-26,12.0
BL03456,CUST0608,2023-08-25,12.0
BL03457,CUST0608,2023-09-24,12.0
BL03458,CUST0608,2023-10-24,12.0
BL03459,CUST0608,2023-11-23,12.0
BL03460,CUST0608,2023-12-23,12.0
BL03461,CUST0608,2024-01-22,12.0
BL03462,CUST0608,2024-02-21,12.0
BL03463,CUST0608,2024-03-22,12.0
BL03464,CUST0608,2024-04-21,12.0
BL03465,CUST0608,2024-05-21,12.0
BL03466,CUST0608,2024-06-20,12.0
BL03467,CUST0609,2024-04-23,12.0
BL03468,CUST0609,2024-05-23,12.0
BL03469,CUST0609,2024-06-22,12.0
BL03470,CUST0610,2023-04-03,12.0
BL03471,CUST0610,2023-05-03,12.0
BL03472,CUST0610,2023-06-02,12.0
BL03473,CUST0610,2023-07-02,12.0
BL03474,CUST0610,2023-08-01,12.0
BL03475,CUST0610,2023-08-31,12.0
BL03476,CUST0610,2023-09-30,12.0
BL03477,CUST0610,2023-10-30,12.0
BL03478,CUST0610,2023-11-29,12.0
BL03479,CUST0610,2023-12-29,12.0
BL03480,CUST0610,2024-01-28,12.0
BL03481,CUST0610,2024-02-27,12.0
BL03482,CUST0610,2024-03-28,12.0
BL03483,CUST0610,2024-04-27,12.0
BL03484,CUST0610,2024-05-27,12.0
BL03485,CUST0610,2024-06-26,12.0
BL03486,CUST0611,2024-04-01,12.0
BL03487,CUST0611,2024-05-01,12.0
BL03488,CUST0611,2024-05-31,12.0
BL03489,CUST0611,2024-06-30,12.0
BL03490,CUST0612,2023-02-11,12.0
BL03491,CUST0612,2023-03-13,12.0
BL03492,CUST0612,2023-04-12,12.0
BL03493,CUST0612,2023-05-12,12.0
BL03494,CUST0612,2023-06-11,12.0
BL03495,CUST0612,2023-07-11,12.0
BL03496,CUST0612,2023-08-10,12.0
BL03497,CUST0612,2023-09-09,12.0
BL03498,CUST0612,2023-10-09,12.0
BL03499,CUST0612,2023-11-08,12.0
BL03500,CUST0612,2023-12-08,12.0
BL03501,CUST0612,2024-01-07,12.0
BL03502,CUST0612,2024-02-06,12.0
BL03503,CUST0612,2024-03-07,12.0
BL03504,CUST0612,2024-04-06,12.0
BL03505,CUST0612,2024-05-06,12.0
BL03506,CUST0612,2024-06-05,12.0
BL03507,CUST0614,2023-07-21,12.0
BL03508,CUST0614,2023-08-20,12.0
BL03509,CUST0614,2023-09-19,12.0
BL03510,CUST0614,2023-10-19,12.0
BL03511,CUST0614,2023-11-18,12.0
BL03512,CUST0614,2023-12-18,12.0
BL03513,CUST0614,2024-01-17,12.0
BL03514,CUST0614,2024-02-16,12.0
BL03515,CUST0614,2024-03-17,12.0
BL03516,CUST0614,2024-04-16,12.0
BL03517,CUST0614,2024-05-16,12.0
BL03518,CUST0614,2024-06-15,12.0
BL03519,CUST0616,2023-12-11,12.0
BL03520,CUST0616,2024-01-10,12.0
BL03521,CUST0616,2024-02-09,12.0
BL03522,CUST0616,2024-03-10,12.0
BL03523,CUST0616,2024-04-09,12.0
BL03524,CUST0616,2024-05-09,12.0
BL03525,CUST0616,2024-06-08,12.0
BL03526,CUST0617,2023-07-14,49.0
BL03527,CUST0617,2023-08-13,49.0
BL03528,CUST0617,2023-09-12,63.7
BL03529,CUST0617,2023-10-12,63.7
BL03530,CUST0617,2023-11-11,63.7
BL03531,CUST0617,2023-12-11,63.7
BL03532,CUST0617,2024-01-10,63.7
BL03533,CUST0617,2024-02-09,63.7
BL03534,CUST0617,2024-03-10,63.7
BL03535,CUST0617,2024-04-09,63.7
BL03536,CUST0617,2024-05-09,63.7
BL03537,CUST0617,2024-06-08,63.7
BL03538,CUST0620,2024-01-28,63.7
BL03539,CUST0620,2024-02-27,63.7
BL03540,CUST0620,2024-03-28,63.7
BL03541,CUST0620,2024-04-27,63.7
BL03542,CUST0622,2023-11-03,12.0
BL03543,CUST0622,2023-12-03,12.0
BL03544,CUST0622,2024-01-02,12.0
BL03545,CUST0622,2024-02-01,12.0
BL03546,CUST0625,2023-09-15,63.7
BL03547,CUST0625,2023-10-15,63.7
BL03548,CUST0625,2023-11-14,63.7
BL03549,CUST0625,2023-12-14,63.7
BL03550,CUST0625,2024-01-13,63.7
BL03551,CUST0625,2024-02-12,63.7
BL03552,CUST0625,2024-03-13,63.7
BL03553,CUST0625,2024-04-12,63.7
BL03554,CUST0625,2024-05-12,63.7
BL03555,CUST0625,2024-06-11,63.7
BL03556,CUST0627,2023-06-04,49.0
BL03557,CUST0627,2023-07-04,49.0
BL03558,CUST0627,2023-08-03,49.0
BL03559,CUST0627,2023-09-02,63.7
BL03560,CUST0627,2023-10-02,63.7
BL03561,CUST0629,2023-12-14,12.0
BL03562,CUST0629,2024-01-13,12.0
BL03563,CUST0629,2024-02-12,12.0
BL03564,CUST0629,2024-03-13,12.0
BL03565,CUST0629,2024-04-12,12.0
BL03566,CUST0629,2024-05-12,12.0
BL03567,CUST0629,2024-06-11,12.0
BL03568,CUST0630,2023-06-26,49.0
BL03569,CUST0630,2023-07-26,49.0
BL03570,CUST0630,2023-08-25,49.0
BL03571,CUST0630,2023-09-24,63.7
BL03572,CUST0630,2023-10-24,63.7
BL03573,CUST0630,2023-11-23,63.7
BL03574,CUST0630,2023-12-23,63.7
BL03575,CUST0630,2024-01-22,63.7
BL03576,CUST0630,2024-02-21,63.7
BL03577,CUST0630,2024-03-22,63.7
BL03578,CUST0630,2024-04-21,63.7
BL03579,CUST0630,2024-05-21,63.7
BL03580,CUST0630,2024-06-20,63.7
BL03581,CUST0631,2023-06-13,12.0
BL03582,CUST0631,2023-07-13,12.0
BL03583,CUST0631,2023-08-12,12.0
BL03584,CUST0631,2023-09-11,12.0
BL03585,CUST0631,2023-10-11,12.0
BL03586,CUST0631,2023-11-10,12.0
BL03587,CUST0631,2023-12-10,12.0
BL03588,CUST0631,2024-01-09,12.0
BL03589,CUST0631,2024-02-08,12.0
BL03590,CUST0631,2024-03-09,12.0
BL03591,CUST0631,2024-04-08,12.0
BL03592,CUST0631,2024-05-08,12.0
BL03593,CUST0631,2024-06-07,12.0
BL03594,CUST0632,2023-06-03,12.0
BL03595,CUST0632,2023-07-03,12.0
BL03596,CUST0632,2023-08-02,12.0
BL03597,CUST0632,2023-09-01,12.0
BL03598,CUST0632,2023-10-01,12.0
BL03599,CUST0632,2023-10-31,12.0
BL03600,CUST0632,2023-11-30,12.0
BL03601,CUST0632,2023-12-30,12.0
BL03602,CUST0632,2024-01-29,12.0
BL03603,CUST0632,2024-02-28,12.0
BL03604,CUST0632,2024-03-29,12.0
BL03605,CUST0632,2024-04-28,12.0
BL03606,CUST0632,2024-05-28,12.0
BL03607,CUST0632,2024-06-27,12.0
BL03608,CUST0635,2023-10-13,12.0
BL03609,CUST0635,2023-11-12,12.0
BL03610,CUST0635,2023-12-12,12.0
BL03611,CUST0635,2024-01-11,12.0
BL03612,CUST0635,2024-02-10,12.0
BL03613,CUST0635,2024-03-11,12.0
BL03614,CUST0635,2024-04-10,12.0
BL03615,CUST0635,2024-05-10,12.0
BL03616,CUST0635,2024-06-09,12.0
BL03617,CUST0637,2024-03-09,12.0
BL03618,CUST0638,2023-05-18,12.0
BL03619,CUST0638,2023-06-17,12.0
BL03620,CUST0638,2023-07-17,12.0
BL03621,CUST0638,2023-08-16,12.0
BL03622,CUST0638,2023-09-15,12.0
BL03623,CUST0638,2023-10-15,12.0
BL03624,CUST0638,2023-11-14,12.0
BL03625,CUST0639,2023-04-07,49.0
BL03626,CUST0639,2023-05-07,49.0
BL03627,CUST0639,2023-06-06,49.0
BL03628,CUST0639,2023-07-06,49.0
BL03629,CUST0639,2023-08-05,49.0
BL03630,CUST0639,2023-09-04,63.7
BL03631,CUST0639,2023-10-04,63.7
BL03632,CUST0639,2023-11-03,63.7
BL03633,CUST0639,2023-12-03,63.7
BL03634,CUST0639,2024-01-02,63.7
BL03635,CUST0639,2024-02-01,63.7
BL03636,CUST0639,2024-03-02,63.7
BL03637,CUST0639,2024-04-01,63.7
BL03638,CUST0639,2024-05-01,63.7
BL03639,CUST0639,2024-05-31,63.7
BL03640,CUST0639,2024-06-30,63.7
BL03641,CUST0640,2023-04-17,49.0
BL03642,CUST0640,2023-05-17,49.0
BL03643,CUST0640,2023-06-16,49.0
BL03644,CUST0640,2023-07-16,49.0
BL03645,CUST0640,2023-08-15,49.0
BL03646,CUST0640,2023-09-14,63.7
BL03647,CUST0640,2023-10-14,63.7
BL03648,CUST0640,2023-11-13,63.7
BL03649,CUST0640,2023-12-13,63.7
BL03650,CUST0640,2024-01-12,63.7
BL03651,CUST0640,2024-02-11,63.7
BL03652,CUST0640,2024-03-12,63.7
BL03653,CUST0640,2024-04-11,63.7
BL03654,CUST0640,2024-05-11,63.7
BL03655,CUST0640,2024-06-10,63.7
BL03656,CUST0642,2023-03-02,12.0
BL03657,CUST0642,2023-04-01,12.0
BL03658,CUST0642,2023-05-01,12.0
BL03659,CUST0642,2023-05-31,12.0
BL03660,CUST0642,2023-06-30,12.0
BL03661,CUST0642,2023-07-30,12.0
BL03662,CUST0642,2023-08-29,12.0
BL03663,CUST0642,2023-09-28,12.0
BL03664,CUST0642,2023-10-28,12.0
BL03665,CUST0642,2023-11-27,12.0
BL03666,CUST0642,2023-12-27,12.0
BL03667,CUST0642,2024-01-26,12.0
BL03668,CUST0642,2024-02-25,12.0
BL03669,CUST0642,2024-03-26,12.0
BL03670,CUST0642,2024-04-25,12.0
BL03671,CUST0642,2024-05-25,12.0
BL03672,CUST0642,2024-06-24,12.0
BL03673,CUST0643,2023-12-23,12.0
BL03674,CUST0643,2024-01-22,12.0
BL03675,CUST0643,2024-02-21,12.0
BL03676,CUST0643,2024-03-22,12.0
BL03677,CUST0643,2024-04-21,12.0
BL03678,CUST0643,2024-05-21,12.0
BL03679,CUST0643,2024-06-20,12.0
BL03680,CUST0645,2023-07-14,12.0
BL03681,CUST0645,2023-08-13,12.0
BL03682,CUST0646,2023-05-14,12.0
BL03683,CUST0646,2023-06-13,12.0
BL03684,CUST0646,2023-07-13,12.0
BL03685,CUST0646,2023-08-12,12.0
BL03686,CUST0646,2023-09-11,12.0
BL03687,CUST0646,2023-10-11,12.0
BL03688,CUST0646,2023-11-10,12.0
BL03689,CUST0646,2023-12-10,12.0
BL03690,CUST0646,2024-01-09,12.0
BL03691,CUST0647,2023-02-20,49.0
BL03692,CUST0647,2023-03-22,49.0
BL03693,CUST0649,2023-01-24,12.0
BL03694,CUST0649,2023-02-23,12.0
BL03695,CUST0649,2023-03-25,12.0
BL03696,CUST0649,2023-04-24,12.0
BL03697,CUST0649,2023-05-24,12.0
BL03698,CUST0649,2023-06-23,12.0
BL03699,CUST0649,2023-07-23,12.0
BL03700,CUST0649,2023-08-22,12.0
BL03701,CUST0649,2023-09-21,12.0
BL03702,CUST0649,2023-10-21,12.0
BL03703,CUST0649,2023-11-20,12.0
BL03704,CUST0649,2023-12-20,12.0
BL03705,CUST0649,2024-01-19,12.0
BL03706,CUST0649,2024-02-18,12.0
BL03707,CUST0649,2024-03-19,12.0
BL03708,CUST0649,2024-04-18,12.0
BL03709,CUST0649,2024-05-18,12.0
BL03710,CUST0649,2024-06-17,12.0
BL03711,CUST0652,2023-10-19,63.7
BL03712,CUST0652,2023-11-18,63.7
BL03713,CUST0652,2023-12-18,63.7
BL03714,CUST0652,2024-01-17,63.7
BL03715,CUST0653,2023-12-02,63.7
BL03716,CUST0653,2024-01-01,63.7
BL03717,CUST0653,2024-01-31,63.7
BL03718,CUST0653,2024-03-01,63.7
BL03719,CUST0653,2024-03-31,63.7
BL03720,CUST0653,2024-04-30,63.7
BL03721,CUST0653,2024-05-30,63.7
BL03722,CUST0654,2024-01-26,63.7
BL03723,CUST0655,2023-03-28,12.0
BL03724,CUST0655,2023-04-27,12.0
BL03725,CUST0655,2023-05-27,12.0
BL03726,CUST0655,2023-06-26,12.0
BL03727,CUST0655,2023-07-26,12.0
BL03728,CUST0655,2023-08-25,12.0
BL03729,CUST0655,2023-09-24,12.0
BL03730,CUST0655,2023-10-24,12.0
BL03731,CUST0655,2023-11-23,12.0
BL03732,CUST0655,2023-12-23,12.0
BL03733,CUST0655,2024-01-22,12.0
BL03734,CUST0655,2024-02-21,12.0
BL03735,CUST0655,2024-03-22,12.0
BL03736,CUST0655,2024-04-21,12.0
BL03737,CUST0655,2024-05-21,12.0
BL03738,CUST0655,2024-06-20,12.0
BL03739,CUST0656,2023-03-13,12.0
BL03740,CUST0656,2023-04-12,12.0
BL03741,CUST0656,2023-05-12,12.0
BL03742,CUST0656,2023-06-11,12.0
BL03743,CUST0656,2023-07-11,12.0
BL03744,CUST0656,2023-08-10,12.0
BL03745,CUST0657,2024-04-14,63.7
BL03746,CUST0657,2024-05-14,63.7
BL03747,CUST0657,2024-06-13,63.7
BL03748,CUST0658,2023-01-18,49.0
BL03749,CUST0658,2023-02-17,49.0
BL03750,CUST0658,2023-03-19,49.0
BL03751,CUST0658,2023-04-18,49.0
BL03752,CUST0658,2023-05-18,49.0
BL03753,CUST0658,2023-06-17,49.0
BL03754,CUST0658,2023-07-17,49.0
BL03755,CUST0658,2023-08-16,49.0
BL03756,CUST0658,2023-09-15,63.7
BL03757,CUST0658,2023-10-15,63.7
BL03758,CUST0658,2023-11-14,63.7
BL03759,CUST0658,2023-12-14,63.7
BL03760,CUST0658,2024-01-13,63.7
BL03761,CUST0658,2024-02-12,63.7
BL03762,CUST0658,2024-03-13,63.7
BL03763,CUST0658,2024-04-12,63.7
BL03764,CUST0658,2024-05-12,63.7
BL03765,CUST0658,2024-06-11,63.7
BL03766,CUST0659,2023-01-25,12.0
BL03767,CUST0659,2023-02-24,12.0
BL03768,CUST0659,2023-03-26,12.0
BL03769,CUST0659,2023-04-25,12.0
BL03770,CUST0659,2023-05-25,12.0
BL03771,CUST0659,2023-06-24,12.0
BL03772,CUST0659,2023-07-24,12.0
BL03773,CUST0659,2023-08-23,12.0
BL03774,CUST0659,2023-09-22,12.0
BL03775,CUST0659,2023-10-22,12.0
BL03776,CUST0659,2023-11-21,12.0
BL03777,CUST0659,2023-12-21,12.0
BL03778,CUST0659,2024-01-20,12.0
BL03779,CUST0659,2024-02-19,12.0
BL03780,CUST0659,2024-03-20,12.0
BL03781,CUST0659,2024-04-19,12.0
BL03782,CUST0659,2024-05-19,12.0
BL03783,CUST0659,2024-06-18,12.0
BL03784,CUST0660,2024-03-07,12.0
BL03785,CUST0660,2024-04-06,12.0
BL03786,CUST0660,2024-05-06,12.0
BL03787,CUST0660,2024-06-05,12.0
BL03788,CUST0662,2023-01-31,12.0
BL03789,CUST0662,2023-03-02,12.0
BL03790,CUST0662,2023-04-01,12.0
BL03791,CUST0662,2023-05-01,12.0
BL03792,CUST0662,2023-05-31,12.0
BL03793,CUST0662,2023-06-30,12.0
BL03794,CUST0662,2023-07-30,12.0
BL03795,CUST0664,2023-01-09,12.0
BL03796,CUST0664,2023-02-08,12.0
BL03797,CUST0664,2023-03-10,12.0
BL03798,CUST0664,2023-04-09,12.0
BL03799,CUST0664,2023-05-09,12.0
BL03800,CUST0664,2023-06-08,12.0
BL03801,CUST0664,2023-07-08,12.0
BL03802,CUST0664,2023-08-07,12.0
BL03803,CUST0664,2023-09-06,12.0
BL03804,CUST0664,2023-10-06,12.0
BL03805,CUST0664,2023-11-05,12.0
BL03806,CUST0664,2023-12-05,12.0
BL03807,CUST0664,2024-01-04,12.0
BL03808,CUST0664,2024-02-03,12.0
BL03809,CUST0664,2024-03-04,12.0
BL03810,CUST0664,2024-04-03,12.0
BL03811,CUST0664,2024-05-03,12.0
BL03812,CUST0664,2024-06-02,12.0
BL03813,CUST0666,2023-02-24,49.0
BL03814,CUST0666,2023-03-26,49.0
BL03815,CUST0666,2023-04-25,49.0
BL03816,CUST0666,2023-05-25,49.0
BL03817,CUST0666,2023-06-24,49.0
BL03818,CUST0666,2023-07-24,49.0
BL03819,CUST0666,2023-08-23,49.0
BL03820,CUST0666,2023-09-22,63.7
BL03821,CUST0666,2023-10-22,63.7
BL03822,CUST0667,2023-04-09,12.0
BL03823,CUST0667,2023-05-09,12.0
BL03824,CUST0667,2023-06-08,12.0
BL03825,CUST0667,2023-07-08,12.0
BL03826,CUST0667,2023-08-07,12.0
BL03827,CUST0667,2023-09-06,12.0
BL03828,CUST0667,2023-10-06,12.0
BL03829,CUST0667,2023-11-05,12.0
BL03830,CUST0667,2023-12-05,12.0
BL03831,CUST0667,2024-01-04,12.0
BL03832,CUST0667,2024-02-03,12.0
BL03833,CUST0667,2024-03-04,12.0
BL03834,CUST0667,2024-04-03,12.0
BL03835,CUST0667,2024-05-03,12.0
BL03836,CUST0667,2024-06-02,12.0
BL03837,CUST0668,2023-05-17,12.0
BL03838,CUST0668,2023-06-16,12.0
BL03839,CUST0668,2023-07-16,12.0
BL03840,CUST0668,2023-08-15,12.0
BL03841,CUST0668,2023-09-14,12.0
BL03842,CUST0668,2023-10-14,12.0
BL03843,CUST0668,2023-11-13,12.0
BL03844,CUST0668,2023-12-13,12.0
BL03845,CUST0668,2024-01-12,12.0
BL03846,CUST0668,2024-02-11,12.0
BL03847,CUST0668,2024-03-12,12.0
BL03848,CUST0668,2024-04-11,12.0
BL03849,CUST0669,2023-07-27,12.0
BL03850,CUST0669,2023-08-26,12.0
BL03851,CUST0669,2023-09-25,12.0
BL03852,CUST0669,2023-10-25,12.0
BL03853,CUST0669,2023-11-24,12.0
BL03854,CUST0669,2023-12-24,12.0
BL03855,CUST0669,2024-01-23,12.0
BL03856,CUST0669,2024-02-22,12.0
BL03857,CUST0669,2024-03-23,12.0
BL03858,CUST0669,2024-04-22,12.0
BL03859,CUST0669,2024-05-22,12.0
BL03860,CUST0669,2024-06-21,12.0
BL03861,CUST0671,2024-03-15,12.0
BL03862,CUST0671,2024-04-14,12.0
BL03863,CUST0671,2024-05-14,12.0
BL03864,CUST0671,2024-06-13,12.0
BL03865,CUST0672,2023-07-27,12.0
BL03866,CUST0672,2023-08-26,12.0
BL03867,CUST0674,2023-09-13,63.7
BL03868,CUST0674,2023-10-13,63.7
BL03869,CUST0674,2023-11-12,63.7
BL03870,CUST0674,2023-12-12,63.7
BL03871,CUST0674,2024-01-11,63.7
BL03872,CUST0674,2024-02-10,63.7
BL03873,CUST0674,2024-03-11,63.7
BL03874,CUST0674,2024-04-10,63.7
BL03875,CUST0674,2024-05-10,63.7
BL03876,CUST0674,2024-06-09,63.7
BL03877,CUST0675,2024-03-15,63.7
BL03878,CUST0675,2024-04-14,63.7
BL03879,CUST0676,2023-04-19,49.0
BL03880,CUST0676,2023-05-19,49.0
BL03881,CUST0676,2023-06-18,49.0
BL03882,CUST0676,2023-07-18,49.0
BL03883,CUST0676,2023-08-17,49.0
BL03884,CUST0676,2023-09-16,63.7
BL03885,CUST0676,2023-10-16,63.7
BL03886,CUST0676,2023-11-15,63.7
BL03887,CUST0676,2023-12-15,63.7
BL03888,CUST0676,2024-01-14,63.7
BL03889,CUST0676,2024-02-13,63.7
BL03890,CUST0676,2024-03-14,63.7
BL03891,CUST0677,2023-01-24,49.0
BL03892,CUST0677,2023-02-23,49.0
BL03893,CUST0677,2023-03-25,49.0
BL03894,CUST0677,2023-04-24,49.0
BL03895,CUST0677,2023-05-24,49.0
BL03896,CUST0677,2023-06-23,49.0
BL03897,CUST0677,2023-07-23,49.0
BL03898,CUST0677,2023-08-22,49.0
BL03899,CUST0677,2023-09-21,63.7
BL03900,CUST0678,2023-10-16,12.0
BL03901,CUST0678,2023-11-15,12.0
BL03902,CUST0678,2023-12-15,12.0
BL03903,CUST0678,2024-01-14,12.0
BL03904,CUST0678,2024-02-13,12.0
BL03905,CUST0678,2024-03-14,12.0
BL03906,CUST0678,2024-04-13,12.0
BL03907,CUST0678,2024-05-13,12.0
BL03908,CUST0678,2024-06-12,12.0
BL03909,CUST0679,2023-01-09,49.0
BL03910,CUST0679,2023-02-08,49.0
BL03911,CUST0679,2023-03-10,49.0
BL03912,CUST0679,2023-04-09,49.0
BL03913,CUST0679,2023-05-09,49.0
BL03914,CUST0679,2023-06-08,49.0
BL03915,CUST0679,2023-07-08,49.0
BL03916,CUST0679,2023-08-07,49.0
BL03917,CUST0679,2023-09-06,63.7
BL03918,CUST0679,2023-10-06,63.7
BL03919,CUST0679,2023-11-05,63.7
BL03920,CUST0679,2023-12-05,63.7
BL03921,CUST0679,2024-01-04,63.7
BL03922,CUST0679,2024-02-03,63.7
BL03923,CUST0679,2024-03-04,63.7
BL03924,CUST0679,2024-04-03,63.7
BL03925,CUST0679,2024-05-03,63.7
BL03926,CUST0679,2024-06-02,63.7
BL03927,CUST0680,2024-02-25,12.0
BL03928,CUST0680,2024-03-26,12.0
BL03929,CUST0680,2024-04-25,12.0
BL03930,CUST0680,2024-05-25,12.0
BL03931,CUST0680,2024-06-24,12.0
BL03932,CUST0681,2023-03-25,12.0
BL03933,CUST0681,2023-04-24,12.0
BL03934,CUST0681,2023-05-24,12.0
BL03935,CUST0681,2023-06-23,12.0
BL03936,CUST0681,2023-07-23,12.0
BL03937,CUST0681,2023-08-22,12.0
BL03938,CUST0681,2023-09-21,12.0
BL03939,CUST0681,2023-10-21,12.0
BL03940,CUST0681,2023-11-20,12.0
BL03941,CUST0681,2023-12-20,12.0
BL03942,CUST0681,2024-01-19,12.0
BL03943,CUST0681,2024-02-18,12.0
BL03944,CUST0681,2024-03-19,12.0
BL03945,CUST0681,2024-04-18,12.0
BL03946,CUST0681,2024-05-18,12.0
BL03947,CUST0681,2024-06-17,12.0
BL03948,CUST0682,2024-04-04,12.0
BL03949,CUST0682,2024-05-04,12.0
BL03950,CUST0682,2024-06-03,12.0
BL03951,CUST0683,2023-03-13,12.0
BL03952,CUST0683,2023-04-12,12.0
BL03953,CUST0683,2023-05-12,12.0
BL03954,CUST0683,2023-06-11,12.0
BL03955,CUST0683,2023-07-11,12.0
BL03956,CUST0683,2023-08-10,12.0
BL03957,CUST0683,2023-09-09,12.0
BL03958,CUST0683,2023-10-09,12.0
BL03959,CUST0683,2023-11-08,12.0
BL03960,CUST0683,2023-12-08,12.0
BL03961,CUST0683,2024-01-07,12.0
BL03962,CUST0683,2024-02-06,12.0
BL03963,CUST0683,2024-03-07,12.0
BL03964,CUST0683,2024-04-06,12.0
BL03965,CUST0683,2024-05-06,12.0
BL03966,CUST0683,2024-06-05,12.0
BL03967,CUST0684,2024-01-17,63.7
BL03968,CUST0684,2024-02-16,63.7
BL03969,CUST0684,2024-03-17,63.7
BL03970,CUST0684,2024-04-16,63.7
BL03971,CUST0684,2024-05-16,63.7
BL03972,CUST0684,2024-06-15,63.7
BL03973,CUST0686,2023-11-06,12.0
BL03974,CUST0686,2023-12-06,12.0
BL03975,CUST0687,2023-01-16,12.0
BL03976,CUST0687,2023-02-15,12.0
BL03977,CUST0687,2023-03-17,12.0
BL03978,CUST0687,2023-04-16,12.0
BL03979,CUST0687,2023-05-16,12.0
BL03980,CUST0687,2023-06-15,12.0
BL03981,CUST0687,2023-07-15,12.0
BL03982,CUST0687,2023-08-14,12.0
BL03983,CUST0687,2023-09-13,12.0
BL03984,CUST0687,2023-10-13,12.0
BL03985,CUST0687,2023-11-12,12.0
BL03986,CUST0687,2023-12-12,12.0
BL03987,CUST0687,2024-01-11,12.0
BL03988,CUST0687,2024-02-10,12.0
BL03989,CUST0687,2024-03-11,12.0
BL03990,CUST0687,2024-04-10,12.0
BL03991,CUST0687,2024-05-10,12.0
BL03992,CUST0687,2024-06-09,12.0
BL03993,CUST0688,2023-04-27,12.0
BL03994,CUST0688,2023-05-27,12.0
BL03995,CUST0688,2023-06-26,12.0
BL03996,CUST0688,2023-07-26,12.0
BL03997,CUST0688,2023-08-25,12.0
BL03998,CUST0688,2023-09-24,12.0
BL03999,CUST0688,2023-10-24,12.0
BL04000,CUST0688,2023-11-23,12.0
BL04001,CUST0688,2023-12-23,12.0
BL04002,CUST0688,2024-01-22,12.0
BL04003,CUST0688,2024-02-21,12.0
BL04004,CUST0688,2024-03-22,12.0
BL04005,CUST0688,2024-04-21,12.0
BL04006,CUST0688,2024-05-21,12.0
BL04007,CUST0688,2024-06-20,12.0
BL04008,CUST0689,2023-04-06,12.0
BL04009,CUST0689,2023-05-06,12.0
BL04010,CUST0689,2023-06-05,12.0
BL04011,CUST0689,2023-07-05,12.0
BL04012,CUST0689,2023-08-04,12.0
BL04013,CUST0689,2023-09-03,12.0
BL04014,CUST0689,2023-10-03,12.0
BL04015,CUST0689,2023-11-02,12.0
BL04016,CUST0689,2023-12-02,12.0
BL04017,CUST0689,2024-01-01,12.0
BL04018,CUST0689,2024-01-31,12.0
BL04019,CUST0689,2024-03-01,12.0
BL04020,CUST0689,2024-03-31,12.0
BL04021,CUST0689,2024-04-30,12.0
BL04022,CUST0689,2024-05-30,12.0
BL04023,CUST0689,2024-06-29,12.0
BL04024,CUST0690,2024-01-31,12.0
BL04025,CUST0690,2024-03-01,12.0
BL04026,CUST0690,2024-03-31,12.0
BL04027,CUST0690,2024-04-30,12.0
BL04028,CUST0690,2024-05-30,12.0
BL04029,CUST0690,2024-06-29,12.0
BL04030,CUST0692,2023-12-31,12.0
BL04031,CUST0692,2024-01-30,12.0
BL04032,CUST0692,2024-02-29,12.0
BL04033,CUST0692,2024-03-30,12.0
BL04034,CUST0692,2024-04-29,12.0
BL04035,CUST0692,2024-05-29,12.0
BL04036,CUST0692,2024-06-28,12.0
BL04037,CUST0694,2023-01-03,49.0
BL04038,CUST0694,2023-02-02,49.0
BL04039,CUST0694,2023-03-04,49.0
BL04040,CUST0694,2023-04-03,49.0
BL04041,CUST0694,2023-05-03,49.0
BL04042,CUST0694,2023-06-02,49.0
BL04043,CUST0694,2023-07-02,49.0
BL04044,CUST0694,2023-08-01,49.0
BL04045,CUST0694,2023-08-31,49.0
BL04046,CUST0694,2023-09-30,63.7
BL04047,CUST0694,2023-10-30,63.7
BL04048,CUST0694,2023-11-29,63.7
BL04049,CUST0694,2023-12-29,63.7
BL04050,CUST0694,2024-01-28,63.7
BL04051,CUST0694,2024-02-27,63.7
BL04052,CUST0694,2024-03-28,63.7
BL04053,CUST0694,2024-04-27,63.7
BL04054,CUST0694,2024-05-27,63.7
BL04055,CUST0694,2024-06-26,63.7
BL04056,CUST0696,2023-04-06,12.0
BL04057,CUST0696,2023-05-06,12.0
BL04058,CUST0696,2023-06-05,12.0
BL04059,CUST0696,2023-07-05,12.0
BL04060,CUST0696,2023-08-04,12.0
BL04061,CUST0696,2023-09-03,12.0
BL04062,CUST0696,2023-10-03,12.0
BL04063,CUST0696,2023-11-02,12.0
BL04064,CUST0696,2023-12-02,12.0
BL04065,CUST0696,2024-01-01,12.0
BL04066,CUST0696,2024-01-31,12.0
BL04067,CUST0696,2024-03-01,12.0
BL04068,CUST0696,2024-03-31,12.0
BL04069,CUST0696,2024-04-30,12.0
BL04070,CUST0696,2024-05-30,12.0
BL04071,CUST0696,2024-06-29,12.0
BL04072,CUST0698,2023-11-03,12.0
BL04073,CUST0698,2023-12-03,12.0
BL04074,CUST0698,2024-01-02,12.0
BL04075,CUST0698,2024-02-01,12.0
BL04076,CUST0698,2024-03-02,12.0
BL04077,CUST0698,2024-04-01,12.0
BL04078,CUST0698,2024-05-01,12.0
BL04079,CUST0698,2024-05-31,12.0
BL04080,CUST0698,2024-06-30,12.0
BL04081,CUST0699,2023-05-30,12.0
BL04082,CUST0699,2023-06-29,12.0
BL04083,CUST0699,2023-07-29,12.0
BL04084,CUST0699,2023-08-28,12.0
BL04085,CUST0699,2023-09-27,12.0
BL04086,CUST0700,2024-04-06,12.0
BL04087,CUST0700,2024-05-06,12.0
BL04088,CUST0700,2024-06-05,12.0
